Index,Region,"Population(000, 2020)","Pop. density(per km2, 2020)",Capital city,"Capital city pop.(000, 2020)",UN membership date,Surface area(km2),Sex ratio(m per 100 f),National currency,Exchange rate(per US$),GDP: Gross domestic product(million current US$),"GDP growth rate(annual %, const. 2015 prices)",GDP per capita(current US$),Economy: Agriculture(% of Gross Value Added),Economy: Industry(% of Gross Value Added),Economy: Services and other activity(% of GVA),Employment in agriculture(% of employed),Employment in industry(% of employed),Employment in services(% employed),Unemployment(% of labour force),Labour force participation rate(female/male pop. %),CPI: Consumer Price Index(2010=100),Agricultural production index(2004-2006=100),International trade: exports(million current US$),International trade: imports(million current US$),International trade: balance(million current US$),"Balance of payments, current account(million US$)",Population growth rate(average annual %),Urban population(% of total population),Urban population growth rate(average annual %),"Fertility rate, total(live births per woman)","Life expectancy at birth(females/males, years)","Population age distribution(0-14/60+ years old, %)",International migrant stock(000/% of total pop.),Refugees and others of concern to UNHCR(000),Infant mortality rate(per 1 000 live births),Health: Current expenditure(% of GDP),Health: Physicians(per 1 000 pop.),Education: Government expenditure(% of GDP),Education: Primary gross enrol. ratio(f/m per 100 pop.),Education: Secondary gross enrol. ratio(f/m per 100 pop.),Education: Tertiary gross enrol. ratio(f/m per 100 pop.),Intentional homicide rate(per 100 000 pop.),Seats held by women in national parliaments(%),Individuals using the Internet(per 100 inhabitants),Threatened species(number),Forested area(% of land area),"Energy production, primary(Petajoules)",Energy supply per capita(Gigajoules),Important sites for terrestrial biodiversity protected(%),Net Official Development Assist. received(% of GNI),Research & Development expenditure(% of GDP),CO2 emission estimates(million tons/tons per capita),Tourist/visitor arrivals at national borders(000),Pop. using safely managed sanitation(urban/rural %),"Pop. using safely managed drinking water(urban/rural, %)",Net Official Development Assist. disbursed(% of GNI),Index,Neighbors,Language,Currency+ISO-4217,Internet Domain,UTC time offset,Code
Afghanistan,Southern Asia,38928,59.6,Kabul,4114.0,19-Nov-46,652864,105.4,Afghani (AFN),78.4,20514,-1.7,551.9,21.4,24.5,54.1,42.4,18.3,39.4,11.2,21.8/74.6,146,125,1038,8370,- 7 332,- 3 799,2.5,25.8,4,4.6,65.8/62.8,41.8/4.2,149.8/0.4,2826.4,51.7,11.8,0.3,4.1,82.9/124.2,40.0/70.1,4.9/14.2,6.7,27,13.5,40.0,2.1,82.0,3.0,5.7,19.46,,,,,,,Afghanistan,"[""People's Republic of China"", 'Iran', 'Pakistan', 'Tajikistan', 'Turkmenistan', 'Uzbekistan', 'India']","['Pashto', 'Dari']",AFN,.af,+04:30,93
Albania,Southern Europe,2878,105,Tirana,484.6,14-Dec-55,28748,103.7,Lek (ALL),108.6,15059,4.1,5223.8,21,24.3,54.7,36.1,20.2,43.7,12.8,46.6/64.4,119,143,2720,5908,- 3 189,- 1 165,-0.1,61.2,1.8,1.6,80.1/76.7,17.2/21.2,49.2/1.7,4.3,8,,1.2,4,109.1/105.2,95.7/95.2,67.6/43.0,2.3,29.5,71.8,142,28.2,69,34,57.2,2.29,0.2,4.3/1.5,5340,40.2/39.4,,,Albania,"['Greece', 'North Macedonia', 'Montenegro']",['Albanian'],ALL,.al,+01:00,355
Algeria,Northern Africa,43851,18.4,Algiers,2729.3,08-Oct-62,2381741,102.1,Algerian Dinar (DZD),119.2,173757,1.4,4114.7,12.4,41,46.6,9.7,30.7,59.6,11.5,14.6/67.0,151,151,34571,45140,- 10 569,- 22 059,2,73.2,2.9,3,77.8/75.4,30.8/9.9,249.1/0.6,99.5,21.2,6.4,1.7,4.3,107.3/112.4,101.5/97.8,64.4/38.8,1.4,25.8,49,155,0.8,6285,55,16.6,0.08,0.5,130.5/3.2,2657,16.5/20.8,,,Algeria,"['Libya', 'Mali', 'Mauritania', 'Morocco', 'Niger', 'Tunisia']","['Arabic', 'Tamazight']",DZD,.dz,+01:00,213
American Samoa,Polynesia,56,279,Pago Pago,48.5,,199,103.6,US Dollar (USD),,,,,,,,3.0,23.2,73.8,9.2,,,116,,,,,0.1,87.1,-0.1,2.6,77.8/71.1,33.3/9.0,23.5/42.6,,9.6,,,,,,,5.4,,,99,87.7,,,71.1,,0.4,,20,,,,American Samoa,,,USD,.as,−11:00,1 684
Andorra,Southern Europe,77,164.2,Andorra la Vella,22.6,28-Jul-93,468,102.3,Euro (EUR),0.9,3238,1.6,42051.6,0.5,11,88.5,,,,,,106,,124,1538,- 1 414,,-0.2,88,-1.7,1.2,,14.4/19.0,45.1/58.5,,,10.3,3.3,3.2,,,,0,46.4,91.6,15,34,1,117,26.1,,,,3042,100.0/100.0,,,Andorra,"['France', 'Spain']",['Catalan'],EUR,,,
Angola,Middle Africa,32866,26.4,Luanda,8044.7,01-Dec-76,1246700,97.9,Kwanza (AOA),482.2,105902,-1.2,3437.3,9.7,42.5,47.8,50.2,8.1,41.7,6.8,76.1/78.8,337,192,50822,21340,29482,5137,3.3,66.2,4.7,5.6,63.4/57.8,46.4/3.7,669.5/2.1,70.1,61.5,2.8,0.2,3.4,105.9/121.1,39.7/61.8,8.5/10.2,4.8,30,14.3,171,46.4,3820,21,28.1,0.16,~0.0,18.0/0.6,218,,,,Angola,"['Democratic Republic of the Congo', 'Republic of the Congo', 'Namibia', 'Zambia']",['Portuguese'],AOA,.ao,+01:00,244
Anguilla,Caribbean,15,169.8,The Valley,1.4,,91,97.6,E. Caribbean Dollar (XCD),2.7,293,-5,19890.7,3.5,14.6,81.9,,,,,,106,,12,283,-270,-136,0.9,100,1.2,2,,23.3/7.6,5.7/38.2,~0.0,,,,2.8,119.0/124.2,114.3/114.2,7.6/1.6,28.3,,81.6,60.0,61.1,0.0,136.0,6.8,,,,55.0,,,,Anguilla,,,XCD,.ai,−04:00,1 264
Antigua and Barbuda,Caribbean,98,222.6,Saint John's,20.8,11-Nov-81,442,93.3,E. Caribbean Dollar (XCD),2.7,1611,7.4,16727.0,2,23.8,74.2,2.8,15.6,81.6,,,114,70,37,568,-531,-113,0.9,24.5,0.1,2,77.9/75.7,21.9/14.1,29.2/30.1,0.2,5.2,4.5,3,2.5,104.6/105.4,109.1/113.3,34.3/15.3,11.1,11.1,76.0,61.0,22.3,0.0,69.0,8.2,1.1,,,269.0,,,,Antigua and Barbuda,[],['English'],XCD,.ag,−04:00,1 268
Argentina,South America,45196,16.5,Buenos Aires,15057.3,24-Oct-45,2780400,95.3,Argentine Peso (ARS),59.8,518475,-2.5,11687.6,7.2,27.2,65.6,0.1,21,78.9,10.4,50.6/72.6,233,131,65114,49125,15989,- 3 462,1,92,1.2,2.3,79.8/73.0,24.4/15.5,2212.9/4.9,165.6,10.2,9.1,4,5.5,109.6/109.9,111.0/106.5,112.8/67.8,5.3,40.9,74.3,285,9.9,3035,76,31.8,0.02,0.5,183.4/4.1,6942,,,,Argentina,"['Bolivia', 'Brazil', 'Chile', 'Paraguay', 'Uruguay']",['Spanish'],ARS,.ar,−03:00,54
Armenia,Western Asia,2963,104.1,Yerevan,1083.3,02-Mar-92,29743,88.8,Armenian Dram (AMD),479.7,12433,5.2,4212.1,15,27.4,57.6,28.9,17.5,53.6,16.6,47.0/65.8,129,127,2612,5053,- 2 441,- 1 118,0.3,63.2,0.2,1.8,78.3/71.1,20.8/18.5,190.2/6.4,19,10.8,10.4,4.4,2.7,92.7/92.7,84.8/81.7,62.6/47.1,1.7,23.5,64.7,119,11.7,45,47,21.6,1.12,0.2,5.2/1.8,1652,45.3/...,,,Armenia,"['Azerbaijan', 'Georgia', 'Iran', 'Turkey']",['Armenian'],AMD,.am,+04:00,374
Aruba,Caribbean,107,593.1,Oranjestad,29.9,,180,90.2,Aruban Florin (AWG),1.8,3203,0.9,30262.5,0,13.7,86.2,0.6,14,85.1,10.6,58.8/69.6,110,,84,1353,- 1 270,-3,0.5,43.5,0.5,1.9,78.4/73.6,17.4/21.8,36.5/34.4,16,13.6,,,6.2,115.2/118.9,112.1/110.2,20.7/10.7,1.9,,97.2,44.0,2.3,1.0,123.0,37.1,,,,1082.0,,,,Aruba,,,AWG,.aw,−04:00,297
Australia,Oceania,25500,3.3,Canberra,452.5,01-Nov-45,7692060,99.2,Australian Dollar (AUD),1.4,1453871,2,58392.7,2.8,25,72.3,2.5,19.8,77.7,5.3,60.2/70.6,120,104,266377,221481,44896,7122,1.3,86.1,1.6,1.8,85.2/81.2,19.3/21.8,7549.3/30.0,129.2,3.1,9.2,3.7,5.3,100.3/100.3,141.2/159.0,133.3/93.8,0.9,30.5,86.5,1308,16.2,16963,219,55.7,,1.9,384.6/15.6,9246,,98.8/...,0.23,Australia,[],['English'],AUD,.au,"['+10:30', '+09:30', '+08:00', '+10:00', '+11:00']",61
Austria,Western Europe,9006,109.3,Vienna,1915.3,14-Dec-55,83871,97.2,Euro (EUR),0.9,455508,2.4,51230.3,1.3,28.8,69.9,3.5,25,71.5,4.8,55.0/66.4,118,100,171532,176596,- 5 064,11714,0.7,58.5,0.7,1.5,83.8/78.9,14.4/25.7,1779.9/19.9,163.7,3.2,10.4,5.2,5.5,103.0/103.2,98.3/102.5,92.5/78.1,1,39.3,87.5,185,46.9,507,161,67.3,,3.2,64.9/7.4,30816,100.0/92.3,,0.3,Austria,"['Czech Republic', 'Germany', 'Hungary', 'Italy', 'Liechtenstein', 'Slovakia', 'Slovenia', 'Switzerland']",['German'],EUR,.at,+01:00,43
Azerbaijan,Western Asia,10139,122.7,Baku,2313.1,02-Mar-92,86600,99.8,Azerbaijan manat (AZN),1.7,46939,1.4,4717.7,5.7,56.6,37.7,35.5,15,49.5,6,63.1/69.2,157,141,19636,13649,5986,4365,1,56,1.7,2.1,75.3/70.3,23.5/11.6,253.9/2.5,625.2,20.8,6.7,3.4,2.5,100.0/99.5,94.5/94.4,29.7/25.9,2.2,16.8,79.8,102,13.8,2308,61,36.6,0.2,0.2,30.8/3.1,2633,92.2/...,,0.05,Azerbaijan,"['Armenia', 'Georgia', 'Iran', 'Russia', 'Turkey']",['Azerbaijani'],AZN,.az,+04:00,994
Bahamas,Caribbean,393,39.3,Nassau,279.7,18-Sep-73,13940,94.5,Bahamian Dollar (BSD),1,12424,1.6,32218.1,1,14.8,84.2,2.1,14,83.9,11.3,68.0/81.5,113,131,494,4087,- 3 593,- 1 505,1,83.1,1.5,1.8,75.9/71.5,21.6/12.2,63.0/16.2,~0.0,5.9,5.8,2,,81.2/81.6,71.6/67.3,,32,12.8,85.0,96.0,51.4,0.0,72.0,29.2,,,,1633.0,,,,Bahamas,[],['English'],BSD,.bs,−05:00,1 242
Bahrain,Western Asia,1702,2238.9,Manama,600.4,21-Sep-71,771,183.1,Bahraini Dinar (BHD),0.4,37876,2.5,24133.5,0.3,43.7,56,1,35.1,64,0.8,45.0/87.2,119,198,14355,18680,- 4 325,- 2 435,4.3,89.4,2.1,2,78.2/76.2,18.3/5.3,741.2/45.2,0.3,6,4.7,0.9,2.3,98.8/100.0,101.7/95.8,67.8/37.0,0.5,15,98.6,47,0.8,942,389,0,,0.1,29.8/20.0,12045,,,,Bahrain,[],['Arabic'],BHD,.bh,+03:00,973
Bangladesh,Southern Asia,164689,1265.2,Dhaka,20283.6,17-Sep-74,147570,102.2,Taka (BDT),84.9,269628,7.9,1670.8,13.8,30.2,56,37.7,21.6,40.6,4.2,36.4/81.3,180,144,34186,66060,- 31 874,- 3 087,1.1,37.4,3.5,2.1,74.1/70.5,26.8/8.0,2185.6/1.3,911.8,26.8,2.3,0.6,2,120.8/112.4,78.3/67.4,17.0/24.0,2.4,20.9,15,165,11,1605,12,43.7,1.06,,78.3/0.5,1026,.../32.3,44.6/61.5,,Bangladesh,"['India', 'Myanmar']",['Bengali'],BDT,.bd,+06:00,880
Barbados,Caribbean,287,668.3,Bridgetown,89.2,09-Dec-66,431,93.8,Barbados Dollar (BBD),2,5087,-0.4,17745.9,1.5,14.9,83.6,2.6,18.9,78.5,10.9,61.4/68.7,192,85,462,1618,- 1 157,-453,0.1,31.2,-0.1,1.6,80.4/77.6,16.8/23.2,34.8/12.1,~0.0,10,6.8,2.5,4.7,97.5/101.2,105.8/101.8,90.6/40.3,9.8,20,81.8,62,14.7,2,55,0.2,0.35,,,680,,,,Barbados,[],['English'],BBD,.bb,−04:00,1 246
Belarus,Eastern Europe,9449,46.6,Minsk,2016.7,24-Oct-45,207600,87.1,Belarusian Ruble (BYN),2.1,59662,3,6311.7,7.5,36.8,55.7,10.8,30.2,59,4.6,57.3/71.3,508,120,32764,39317,- 6 553,- 1 166,~0.0,79,0.7,1.7,79.3/69.3,17.2/22.6,1069.4/11.3,8.6,3,5.9,5.2,4.8,100.4/100.6,101.7/103.1,95.1/80.2,2.4,40,79.1,30,42.5,180,114,47.1,0.21,0.6,54.1/5.7,11502,81.7/76.4,,,Belarus,"['Latvia', 'Lithuania', 'Poland', 'Russia', 'Ukraine']","['Belarusian', 'Russian']",BYN,.by,+03:00,375
Belgium,Western Europe,11590,382.7,Brussels,2065.3,27-Dec-45,30528,98.3,Euro (EUR),0.9,543026,1.5,47293.0,0.6,21.4,78,0.9,20.6,78.4,5.7,48.5/58.4,117,101,445214,426489,18725,- 6 512,0.5,98,0.7,1.7,83.7/79.0,17.0/25.6,1981.9/17.2,83.5,2.8,10.3,3.1,6.5,104.0/103.9,167.8/149.7,90.5/69.3,1.7,40.7,88.7,66,22.6,626,201,84.2,,2.8,90.4/8.0,9119,,,0.45,Belgium,"['France', 'Germany', 'Luxembourg', 'Netherlands']","['Dutch', 'French', 'German']",EUR,.be,+01:00,32
Belize,Central America,398,17.4,Belmopan,23,25-Sep-81,22966,98.9,Belize Dollar (BZD),2,1871,2.1,4884.7,11,13.7,75.3,16.6,15.7,67.7,6.4,50.2/80.6,106,97,245,986,-741,-155,1.9,45.9,2.3,2.3,77.6/71.4,29.2/7.6,60.0/15.4,6.5,12.8,5.6,1.1,7.4,108.7/114.6,87.1/83.7,30.5/18.8,37.8,9.4,47.1,143.0,59.9,9.0,43.0,41.5,1.88,,,489.0,,,,Belize,"['Guatemala', 'Mexico']",['English'],BZD,.bz,−06:00,501
Benin,Western Africa,12123,107.5,Porto-Novo,285.3,20-Sep-60,114763,99.8,"CFA Franc, BCEAO (XOF)",583.9,10412,6.5,906.5,24.5,23.4,52,38,19.1,42.9,2,69.0/73.0,110,153,1706,3967,- 2 261,-649,2.7,47.9,4,4.9,62.8/59.8,41.9/5.1,390.1/3.3,1.6,61.1,3.7,0.1,4,118.0/125.8,50.7/67.1,7.5/17.0,1.1,7.2,20,106,38.2,114,19,66.7,5.58,,6.8/0.6,295,,,,Benin,"['Burkina Faso', 'Niger', 'Nigeria', 'Togo']",['French'],XOF,.bj,+01:00,229
Bermuda,Northern America,61,1212.8,Hamilton,10.1,,53,91.4,Bermudian Dollar (BMD),1,6351,-0.4,101207.9,0.7,5.6,93.7,1.6,10.3,87.6,6.7,72.6/80.0,148,112,23,1204,- 1 181,958,-0.4,100,-0.6,1.5,85.1/77.5,14.8/24.9,19.3/30.9,,,,,1.5,100.2/102.1,81.5/72.6,22.9/15.3,8.1,,98.4,80.0,18.5,1.0,151.0,52.0,,0.3,,282.0,,,,Bermuda,,,BMD,.bm,−04:00,1 441
Bhutan,Southern Asia,772,20.2,Thimphu,203.3,21-Sep-71,38394,113.4,Ngultrum (BTN),71.3,2658,5.8,3523.8,17.7,43.1,39.2,54.6,11.1,34.3,2.4,59.0/73.8,167,102,659,1049,-390,-564,1.2,41.6,3.7,2,71.6/71.0,24.9/9.0,53.3/7.0,,24.1,3.2,0.4,6.6,100.2/100.1,95.7/84.7,15.5/15.6,1.2,14.9,48.1,101,72.2,79,83,47.3,4.52,,,274,,48.9/27.6,,Bhutan,"[""People's Republic of China"", 'India']",['Dzongkha'],BTN,.bt,+06:00,975
Bolivia,South America,11673,10.8,Sucre,277.9,14-Nov-45,1098581,100.7,Boliviano (BOB),6.9,40288,4.2,3548.6,13.2,30.2,56.5,30.4,19.4,50.3,3.4,63.0/80.4,148,147,8988,9783,-795,- 1 362,1.4,69.8,2.1,2.8,74.0/68.3,30.2/10.4,156.1/1.4,0.9,29.7,6.4,1.6,7.3,97.6/98.6,88.8/90.7,,6.2,53.1,44.3,296,50.6,878,34,48.3,1.86,0.2,21.9/2.0,1142,24.7/...,,,Bolivia,"['Argentina', 'Brazil', 'Chile', 'Paraguay', 'Peru']","['Castilian', '37 other languages']",BOB,.bo,−04:00,591
"Bonaire, St. Eustatius & Saba",Caribbean,26,79.9,Kralendijk,11.3,,,,US Dollar (USD),,,,,,,,,,,,,,,,,,,,,,,,,,,,,,,,,,,,,67.0,,0.0,214.0,39.3,,,,,,,,"Bonaire, St. Eustatius & Saba",,,USD,,,
Bosnia and Herzegovina,Southern Europe,3281,64.3,Sarajevo,342.7,22-May-92,51209,96,Convertible Mark (BAM),1.7,19782,2.6,5951.4,7,27.7,65.3,15.1,32.3,52.6,18.4,35.2/57.7,105,118,6578,11159,- 4 581,-710,-0.9,48.6,-0.3,1.3,79.6/74.6,14.5/25.3,35.7/1.1,151.7,6,8.9,2.2,,,,,1.2,21.4,70.1,104,42.7,194,79,18.2,1.8,0.2,22.3/6.4,1053,11.3/...,,,Bosnia and Herzegovina,"['Croatia', 'Montenegro', 'Serbia']","['Bosnian', 'Croatian', 'Serbian']",BAM,.ba,+01:00,387
Botswana,Southern Africa,2352,4.1,Gaborone,269.3,17-Oct-66,582000,93.9,Pula (BWP),10.6,18615,4.5,8258.2,2.2,32.3,65.5,20.4,18.1,61.5,18.7,65.5/77.0,150,120,5238,6559,- 1 320,345,2.1,70.2,3.3,2.9,71.9/66.0,33.4/7.0,110.6/4.8,2.3,30.2,6.1,0.5,9.6,102.1/104.4,83.5/76.4,29.2/20.5,15.2,10.8,47,33,19.1,59,43,51.1,0.48,0.5,7.7/3.4,1623,,83.2/...,,Botswana,"['Namibia', 'South Africa', 'Zambia', 'Zimbabwe']","['English', 'Tswana']",BWP,.bw,+02:00,267
Brazil,South America,212559,25.4,Brasilia,4559.0,24-Oct-45,8515767,96.6,Brazilian Real (BRL),4,1868613,1.1,8920.7,5.1,21.6,73.3,9.1,19.6,71.3,12,54.0/73.9,167,136,225383,177348,48036,- 49 452,0.8,86.8,1.2,1.7,79.3/71.9,20.7/14.0,807.0/0.4,271.6,13,9.5,2.2,6.2,113.4/117.4,102.4/99.3,59.4/43.5,27.4,14.6,70.4,1078,59,13066,62,42.8,0.02,1.3,427.6/2.0,6621,51.6/...,92.3/...,,Brazil,"['Argentina', 'Bolivia', 'Colombia', 'France', 'Guyana', 'Paraguay', 'Peru', 'Suriname', 'Uruguay', 'Venezuela']",['Portuguese'],BRL,.br,"['−05:00', '−02:00', '−04:00', '−03:00']",55
British Virgin Islands,Caribbean,33,217.6,Road Town,15.1,,151,97.1,US Dollar (USD),,1446,3.1,48511.3,0.1,7,92.9,0.5,11.1,87.4,,,,103,0,538,-538,,1.6,48.1,2.8,,,22.3/9.7,20.8/69.2,~0.0,,,,3.2,125.9/131.5,107.1/96.3,20.9/11.7,8.3,,77.7,88.0,24.1,0.0,77.0,10.5,,,,192.0,,,,British Virgin Islands,,,USD,.vg,−04:00,1 284
Brunei,South-eastern Asia,438,83,Bandar Seri Begawan,40.8,21-Sep-84,5765,107.8,Brunei Dollar (BND),1.3,13567,0.1,31627.2,1,62.2,36.7,1.3,15.8,82.8,9,57.6/70.7,99,169,7039,5103,1936,894,1.1,77.9,1.9,1.8,76.9/74.5,22.3/9.5,110.6/25.5,20.9,7.9,2.4,1.6,4.4,103.6/102.7,94.6/92.4,38.7/24.8,0.5,9.1,94.9,275,72.1,652,356,41.7,,0.3,6.7/15.6,278,,,,Brunei,['Malaysia'],"['Malay', 'English']",BND,.bn,+08:00,673
Bulgaria,Eastern Europe,6948,64,Sofia,1276.9,14-Dec-55,111002,94.4,Bulgarian Lev (BGN),1.7,66199,3.1,9387.8,3.9,25.8,70.3,6.3,30.1,63.7,3.8,49.1/61.9,114,114,33638,37902,- 4 264,2742,-0.7,75.3,-0.2,1.6,78.5/71.3,14.7/28.2,168.5/2.4,21.2,6.3,8.1,4,4.1,89.1/89.6,96.8/99.5,78.8/63.7,1.3,26.7,64.8,127,35.2,491,110,87.5,,0.8,42.8/6.1,9273,72.9/...,,0.11,Bulgaria,"['Greece', 'North Macedonia', 'Romania', 'Serbia', 'Turkey']",['Bulgarian'],BGN,.bg,+02:00,359
Burkina Faso,Western Africa,20903,76.4,Ouagadougou,2652.7,20-Sep-60,272967,99.9,"CFA Franc, BCEAO (XOF)",583.9,16200,6.8,820.2,24.3,26.5,49.2,24.7,33.9,41.4,6.4,58.2/74.7,107,125,2927,5193,- 2 266,-665,2.9,30,5.2,5.2,61.6/60.1,44.4/3.9,718.3/3.5,196.3,54.2,6.9,0.1,4.2,95.3/96.9,40.7/40.7,4.8/8.2,1.3,13.4,16.0,36.0,19.6,129.0,10.0,66.7,7.94,0.7,,144.0,,,,Burkina Faso,"['Benin', ""Côte d'Ivoire"", 'Ghana', 'Mali', 'Niger', 'Togo']",['French'],XOF,.bf,±00:00,226
Burundi,Eastern Africa,11891,463,Gitega,899,18-Sep-62,27830,98.5,Burundi Franc (BIF),1881.6,3285,0.1,294,38.5,17.4,44.1,92,1.4,6.5,1.4,80.4/77.8,183,108,155,792,-637,-363,3.1,13.4,5.6,5.4,62.8/59.2,45.3/4.1,321.0/2.8,121.2,42.4,7.5,0.1,4.8,122.2/120.7,51.1/45.8,3.8/8.4,6.1,36.4,2.7,188.0,10.7,56.0,6.0,56.8,14.66,0.2,,299.0,,,,Burundi,"['Democratic Republic of the Congo', 'Rwanda', 'Tanzania']","['French', 'Kirundi', 'English']",BIF,.bi,+02:00,257
Cabo Verde,Western Africa,556,138,Praia,167.5,16-Sep-75,4033,100.8,Cabo Verde Escudo (CVE),98.5,1977,5.1,3635.4,6.2,22.6,71.3,11.1,22.1,66.8,12.3,53.6/67.6,110,97,76,941,-865,-4,1.2,66.2,2,2.3,75.9/69.2,28.1/7.6,15.7/2.8,0.1,16.9,5.2,0.8,5.2,100.5/107.5,92.5/83.9,28.3/19.0,6.8,25,57.2,119,22.3,2,18,12,4.34,0.1,,710,,,,Cabo Verde,[],['Portuguese'],CVE,,,
Cambodia,South-eastern Asia,16719,94.7,Phnom Penh,2014.0,14-Dec-55,181035,95.4,Riel (KHR),4084.0,24572,7.5,1512.1,23.5,34.4,42.1,31.2,29.6,39.2,0.7,76.3/89.0,128,186,14276,21413,- 7 138,- 4 207,1.5,23.8,3.4,2.5,71.5/67.2,30.9/7.6,78.6/0.5,57.4,23.7,5.9,0.2,1.9,106.1/108.7,41.6/48.7,12.9/14.4,1.8,20,40,280,53.6,198,21,39.5,3.37,0.1,10.8/0.7,6201,,56.6/16.7,,Cambodia,"['Laos', 'Thailand', 'Vietnam']",['Khmer'],KHR,.kh,+07:00,855
Cameroon,Middle Africa,26546,56.2,YaoundÈ,3822.4,20-Sep-60,475650,100.1,"CFA Franc, BEAC (XAF)",583.9,38694,4.1,1534.5,15.7,28.1,56.2,42.9,15.1,42.1,3.4,70.9/81.0,116,175,1750,3262,- 1 512,- 1 409,2.6,57,3.8,4.6,60.0/57.5,42.1/4.3,505.7/2.0,1463.2,61.2,4.7,2.3,3.1,98.0/108.7,55.4/64.6,11.4/14.1,1.4,31.1,23.2,890,39.8,472,16,35.3,3.08,,6.2/0.3,1081,,,,Cameroon,"['Central African Republic', 'Chad', 'Republic of the Congo', 'Equatorial Guinea', 'Gabon', 'Nigeria']","['English', 'French']",XAF,.cm,+01:00,237
Canada,Northern America,37742,4.2,Ottawa,1378.2,09-Nov-45,9984670,98.5,Canadian Dollar (CAD),1.3,1712562,1.9,46192.4,2,25.6,72.4,1.4,19.4,79.2,5.4,60.7/69.2,117,113,446148,453234,- 7 085,- 34 193,0.9,81.5,1.1,1.5,84.2/80.2,15.8/24.9,7960.7/21.3,189.8,4.5,10.6,,5.3,100.8/101.1,114.5/113.0,79.3/59.1,1.8,29,91,173,38.7,21327,330,28.1,,1.6,547.8/15.0,21134,82.2/81.4,,0.26,Canada,['United States'],"['English', 'French']",CAD,.ca,"['-08:00', '-06:00', '-05:00', '-07:00', '-04:00', '-03:30']",1
Cayman Islands,Caribbean,64,266.2,George Town,34.9,,264,100.4,Cayman Islands Dollar (KYD),0.8,5485,3.3,85474.2,0.4,7.6,92,0.8,15.5,83.6,6.3,80.6/85.6,108,103,39,1393,- 1 354,-998,1.3,100,1.5,1.6,83.8/76.3,18.3/6.7,29.0/44.6,0.1,,,,2.6,,,,8.2,,81.1,83.0,52.9,,135.0,32.5,,,,463.0,,,,Cayman Islands,,,KYD,.ky,−05:00,1 345
Central African Republic,Middle Africa,4830,7.8,Bangui,869.6,20-Sep-60,622984,98.3,"CFA Franc, BEAC (XAF)",583.9,2243,4.3,480.7,31.5,25.8,42.8,77.1,5.4,17.5,3.7,64.4/79.8,187,122,324,89,236,,1.4,41.8,1.1,4.8,54.9/50.5,43.5/4.5,90.6/1.9,712.6,81.9,5.8,0.1,1.2,89.4/114.6,13.8/20.5,1.6/4.4,20.1,8.6,4.3,73.0,35.6,19.0,5.0,74.2,27.47,,,107.0,,,,Central African Republic,"['Cameroon', 'Chad', 'Democratic Republic of the Congo', 'Republic of the Congo', 'South Sudan', 'Sudan']",['French'],XAF,.cf,+01:00,236
Chad,Middle Africa,16426,13,N'Djamena,1371.5,20-Sep-60,1284000,99.7,"CFA Franc, BEAC (XAF)",583.9,11387,2.4,735.7,30.6,19.2,50.2,76.3,2.1,21.6,1.9,63.9/77.5,116,150,613,319,294,,3,23.3,3.8,5.8,55.2/52.4,46.5/3.9,512.2/3.2,667.4,74.5,4.5,~0.0,2.9,75.5/98.2,14.2/30.9,1.5/5.0,,15.4,6.5,48.0,3.9,318.0,6.0,67.3,7.91,0.3,,87.0,,,,Chad,"['Cameroon', 'Central African Republic', 'Libya', 'Niger', 'Nigeria', 'Sudan']","['Arabic', 'French']",XAF,.td,+01:00,235
Channel Islands,Northern Europe,174,915.1,Saint Helier,34.4,,180,98,Pound Sterling (GBP),0.8,,,,,,,3.5,22.9,73.6,7.5,50.6/65.6,,,,,,,1,30.9,0.5,1.5,84.7/80.9,15.0/24.0,83.8/48.7,,6.1,,,,,,,0,,,,4,,,,,,,,,,,Channel Islands,,,GBP,,,
Chile,South America,19116,25.7,Santiago,6723.5,24-Oct-45,756102,97.3,Chilean Peso (CLP),744.6,298231,4,15923.4,4,32.8,63.3,8.8,22,69.2,7.1,52.0/74.1,102,114,69681,69591,90,- 9 157,1.2,87.6,1,1.6,82.3/77.4,19.2/17.4,940.0/5.0,385.5,6.7,9,2.6,5.4,99.9/102.9,102.0/101.6,94.7/82.5,4.4,22.6,82.3,240,23.9,543,89,34.2,0.03,0.4,86.1/4.6,5723,81.4/...,98.6/...,,Chile,"['Argentina', 'Bolivia', 'Peru']",['Spanish'],CLP,.cl,"['−06:00', '−04:00', '−03:00']",56
China,Eastern Asia,1439324,153.3,Beijing,20035.5,24-Oct-45,9600000,105.3,Yuan Renminbi (CNY),7,13608152,6.6,9531.9,7.5,40.8,51.7,24.7,28.2,47.1,4.4,59.8/74.8,109,139,2491820,2070150,421672,141335,0.5,60.3,2.9,1.7,79.0/74.5,17.7/17.4,1030.9/0.1,322.4,9.9,5.2,2,,100.8/99.7,88.0/88.3,55.9/45.9,0.5,24.9,54.3,1172,22.1,99218,88,9.9,-0.01,2.2,9257.9/6.7,62900,83.7/56.1,92.3/...,,China,"['Afghanistan', 'Bhutan', 'India', 'Kazakhstan', 'North Korea', 'Kyrgyzstan', 'Laos', 'Mongolia', 'Myanmar', 'Nepal', 'Russia', 'Tajikistan', 'Vietnam', 'Pakistan']",['Mandarin'],CNY,.cn,+08:00,86
"China, Hong Kong SAR",Eastern Asia,7497,7140.0,Hong Kong,7490.8,,1106,84.8,Hong Kong Dollar (HKD),7.8,362682,3,49199.0,0.1,7.3,92.6,0.2,11.5,88.3,4.3,53.7/67.0,135,59,535711,578590,- 42 879,22740,0.8,100,0.6,1.3,87.5/81.8,12.7/26.1,2942.3/39.6,0.1,1.3,,,3.3,111.2/106.4,105.8/109.1,81.1/72.9,0.7,,90.5,83,,,80,48.9,,0.9,44.0/6.0,29263,91.8/...,100.0/...,,"China, Hong Kong SAR",,,HKD,,,
"China, Macao SAR",Eastern Asia,649,21716.9,Macao,642.1,,30,92.5,Pataca (MOP),8,54545,4.7,86355.3,,8.8,91.2,0.4,9.5,90.1,2.5,64.6/76.2,144,90,1024,12024,- 11 000,19060,1.5,100,2.3,1.2,87.0/81.1,14.4/18.9,399.6/62.4,~0.0,2.6,,,2.7,100.1/100.7,100.9/101.2,104.5/77.4,0.3,,83.8,26,,6,78,0,,0.2,,18493,,100.0/...,,"China, Macao SAR",,,MOP,,,
Colombia,South America,50883,45.9,Bogota,10779.4,05-Nov-45,1141748,96.5,Colombian Peso (COP),3294.0,330228,2.7,6649.6,6.9,29.3,63.8,16.5,20,63.5,9.7,57.5/81.0,141,115,39489,52696,- 13 207,- 13 800,1.4,81.1,1.4,1.8,79.8/74.2,22.2/13.2,1142.3/2.3,9717.2,12.6,7.2,2.2,4.5,112.8/116.2,100.1/95.0,59.7/51.1,25.3,18.3,64.1,1025,52.7,5171,34,42.9,0.56,0.2,75.3/1.5,3904,15.8/...,81.3/40.1,,Colombia,"['Brazil', 'Ecuador', 'Panama', 'Peru', 'Venezuela']",['Spanish'],COP,.co,−05:00,57
Comoros,Eastern Africa,870,467.3,Moroni,62.4,12-Nov-75,2235,101.8,Comorian Franc (KMF),437.9,1166,3,1400.5,31.5,12.4,56.1,49.9,13,37,4.4,36.8/50.0,104,109,49,201,-152,-28,2.2,29.2,2.7,4.2,65.8/62.3,39.0/5.1,12.5/1.5,~0.0,53.1,7.4,0.3,2.5,99.4/99.6,61.4/57.6,8.0/9.9,,6.1,8.5,127.0,19.9,3.0,8.0,8.3,7.82,,,36.0,,,,Comoros,[],"['Arabic', 'Comorian', 'French']",KMF,.km,+03:00,269
Congo,Middle Africa,5518,16.2,Brazzaville,2308.1,20-Sep-60,342000,99.8,"CFA Franc, BEAC (XAF)",583.9,14173,1,2702.6,10.3,41.5,48.1,33.8,21.7,44.5,9.3,67.4/71.2,121,138,5576,2242,3334,- 3 594,2.6,67.4,3.3,4.4,65.6/62.7,41.3/4.5,402.1/7.5,189.8,35.3,2.9,0.2,4.6,110.5/102.8,48.8/56.3,10.1/15.2,,11.3,8.6,155,65.4,686,24,56.5,1.45,,2.8/0.5,156,,58.6/19.1,,Congo,"['Angola', 'Cameroon', 'Central African Republic', 'Democratic Republic of the Congo', 'Gabon']",['French'],XAF,.cg,"['+02:00', '+01:00']",243
Cook Islands,Polynesia,18,73,Avarua,13.1,,236,97.4,New Zealand Dollar (NZD),1.5,363,5.7,20705.2,3.1,7.8,89.1,4.3,11.7,84,8.2,65.4/76.6,111,91,6,123,-117,,0.1,75.3,-0.9,2.6,79.6/71.7,26.9/14.2,3.5/19.9,,3.6,3.3,1.4,4.7,107.5/109.5,88.6/84.8,42.7/35.8,3.5,,,77.0,62.9,0.0,56.0,5.7,,,,169.0,,,,Cook Islands,,,NZD,.ck,−10:00,682
Costa Rica,Central America,5094,99.8,San JosÈ,1378.5,02-Nov-45,51100,99.8,Costa Rican Colon (CRC),573.3,60126,2.7,12026.5,5,21.1,73.9,11.9,19.8,68.3,12.7,48.2/75.9,129,129,11449,16106,- 4 656,- 1 545,1,80.1,2.5,1.8,82.7/77.4,20.8/15.0,417.8/8.3,79.2,7.3,7.3,2.9,7.4,113.8/112.8,137.7/128.1,60.7/50.0,11.3,45.6,74.1,363,54,102,43,39.8,0.17,0.4,7.6/1.5,3017,,96.4/84.4,,Costa Rica,"['Nicaragua', 'Panama']",['Spanish'],CRC,.cr,−06:00,506
Cote D'Ivoire,Western Africa,26378,83,Yamoussoukro,231.1,20-Sep-60,322463,101.7,"CFA Franc, BCEAO (XOF)",583.9,43028,7.4,1716.4,21.7,27.7,50.5,39.3,13.4,47.3,3.4,48.3/65.4,112,127,12718,10483,2235,- 2 077,2.5,51.2,3.4,4.7,58.6/56.1,41.5/4.7,2549.1/9.9,692.8,60.4,4.5,0.2,5.1,96.0/103.6,44.3/57.7,7.6/11.1,,12,46.8,280,32.7,438,19,71.2,2.31,0.1,10.2/0.4,1965,,55.1/17.7,,Cote D'Ivoire,"['Burkina Faso', 'Ghana', 'Guinea', 'Liberia', 'Mali']",['French'],XOF,.ci,±00:00,225
Croatia,Southern Europe,4105,73.4,Zagreb,685.2,22-May-92,56594,93.1,Kuna (HRK),6.6,60991,2.7,14674.0,3.5,24.8,71.7,5.8,27.5,66.8,7.1,45.3/57.2,110,121,17063,28004,- 10 941,1456,-0.6,57.2,-0.1,1.4,81.4/75.0,14.5/28.3,518.1/12.5,8.3,4,6.8,3,4.6,96.5/96.4,101.8/97.1,78.8/57.4,0.6,19.2,75.3,212,34,176,87,76.5,0.23,1,16.2/3.9,16645,64.3/...,,0.1,Croatia,"['Bosnia and Herzegovina', 'Hungary', 'Montenegro', 'Serbia', 'Slovenia']",['Croatian'],HRK,.hr,+01:00,385
Cuba,Caribbean,11327,106.4,Havana,2138.4,24-Oct-45,109884,98.6,Cuban Peso (CUP),1,100023,2.2,8821.8,3.8,25.2,71,17.3,16.8,65.9,1.6,40.5/66.7,,103,828,7498,- 6 670,,~0.0,77.1,0.3,1.6,80.7/76.7,15.9/21.3,4.9 / ~0.0,0.3,4.5,11.7,8.4,12.8,99.6/104.1,101.9/100.4,51.0/32.3,5,53.2,57.1,357,30.8,195,35,54.5,0.65,0.4,26.2/2.3,4684,41.9/...,,,Cuba,[],['Spanish'],CUP,.cu,−05:00,53
Curacao,Caribbean,164,369.6,Willemstad,144,,444,85.1,Neth. Ant. Guilder (ANG),1.8,3128,-2.2,19218.9,0.4,18.5,81.1,1.1,17.6,81.3,13,53.2/66.5,116,,,,,-898,0.5,89.1,1.2,1.8,81.4/75.5,18.2/24.5,40.9/25.0,26.1,9,,,4.9,157.7/164.2,90.8/83.8,29.6/13.0,19,,68.1,58,,1,473,44.8,,,3.7/23.3,432,,,,Curacao,,,ANG,.cw,−04:00,599 9
Cyprus,Western Asia,1207,130.7,Nicosia,269.5,20-Sep-60,9251,99.9,Euro (EUR),0.9,24963,4.1,28967.6,2.3,14.1,83.6,2,16.3,81.7,7.2,57.8/68.0,103,79,3528,9219,- 5 691,- 1 655,0.8,66.8,0.7,1.3,82.8/78.6,16.6/19.8,191.9/16.0,33.3,3.5,6.7,2,6.4,99.4/99.3,99.5/101.1,82.4/69.6,1.3,19.6,84.4,84,18.7,6,79,74.1,,0.6,6.4/7.4,3939,86.3/...,,0.09,Cyprus,['United Kingdom'],"['Greek', 'Turkish']",EUR,.cy,+02:00,357
Czechia,Eastern Europe,10709,138.6,Prague,1298.8,19-Jan-93,78868,97,Czech Koruna (CZK),22.6,245226,3,22992.1,2.2,35.8,62,2.6,37.1,60.2,1.9,52.8/68.2,117,100,198852,178552,20300,-866,0.2,73.9,0.2,1.6,81.8/76.5,15.8/26.2,512.7/4.8,5.7,2.3,7.2,4.1,5.6,101.0/100.4,103.9/103.1,75.3/53.4,0.6,22.5,80.7,104,34.5,1157,171,94.7,,1.9,101.7/9.6,13665,97.8/85.1,,0.15,Czechia,"['Austria', 'Germany', 'Poland', 'Slovakia']","['Czech', 'Slovak']",CZK,.cz,+01:00,420
North Korea,Eastern Asia,25779,214.1,Pyongyang,3060.9,17-Sep-91,120538,95.7,North Korean Won (KPW),107.7,17487,-4.1,687.9,23.3,43.7,53.7,51.1,13.2,35.7,2.8,73.3/87.7,,102,1080,3273,- 2 194,,0.5,62.1,0.8,1.9,75.4/68.3,19.8/15.1,49.4/0.2,,13.9,,3.7,,112.8/112.8,93.3/92.3,18.2/35.5,,17.6,0,88,41.8,646,12,0,,,19.6/0.8,,.../5.1,77.2/49.6,,North Korea,"[""People's Republic of China"", 'South Korea', 'Russia']",['Korean'],KPW,.kp,+09:00,850
Dem. Rep. of the Congo,Middle Africa,89561,39.5,Kinshasa,13743.3,20-Sep-60,2344858,99.7,Congolese Franc (CDF),1672.9,47146,5.8,560.8,20,46,37.5,65.1,9.8,25.1,4.2,60.4/66.0,134,109,3477,5159,- 1 682,- 2 169,3.2,45,4.6,6,61.7/58.7,45.8/4.7,963.8/1.1,5057.8,64.9,4,0.1,1.5,107.6/108.4,36.0/56.3,4.7/8.5,,12.8,8.6,497,67.3,1264,15,52.7,5.52,0.4,2.2 / ~0.0,351,,,,Dem. Rep. of the Congo,"['Angola', 'Burundi', 'Central African Republic', 'Republic of the Congo', 'Rwanda', 'South Sudan', 'Tanzania', 'Uganda', 'Zambia']",['French'],CDF,,,
Denmark,Northern Europe,5792,136.5,Copenhagen,1333.9,24-Oct-45,42921,98.9,Danish Krone (DKK),6.7,355675,2.4,61833.7,1.2,24.4,107.5,2.1,18.3,79.6,4.8,58.2/66.2,110,101,109942,97196,12746,27581,0.4,88,0.6,1.8,82.7/78.7,16.3/26.1,722.9/12.5,47.4,3.1,10.1,4,7.6,100.9/101.6,129.8/128.4,93.6/68.4,1,39.7,97.3,77,15.3,655,126,86.2,,3.1,31.3/5.4,12749,,,0.74,Denmark,['Germany'],['Danish'],DKK,.dk,+01:00,45
Djibouti,Eastern Africa,988,42.6,Djibouti,568.8,20-Sep-77,23200,110.7,Djibouti Franc (DJF),177.7,2923,5.6,3048.6,1.4,11.8,62.9,32.4,13.3,54.3,10.3,50.8/68.8,120,133,143,1344,- 1 201,541,1.6,77.9,1.8,2.8,68.7/64.6,28.9/7.4,115.3/11.8,30.1,33.4,3.3,0.2,4.5,75.1/75.4,52.9/51.2,4.6/6.0,,26.2,55.7,110,0.2,4,9,0.8,8.65,,,63,41.5/18.9,,,Djibouti,"['Eritrea', 'Ethiopia', 'Somalia']","['Arabic', 'French']",DJF,.dj,+03:00,253
Dominica,Caribbean,75,100.1,Roseau,14.9,18-Dec-78,750,103,E. Caribbean Dollar (XCD),2.7,551,2.3,7691.3,13.8,19.7,60.7,,,,,,104,113,18,304,-286,-225,0.5,70.8,0.9,,78.2/73.8,29.5/13.3,8.3/11.5,,,5.9,1.1,3.4,113.2/116.2,93.8/94.7,,26.6,38.1,69.6,74.0,57.8,0.0,33.0,40.0,5.34,,,63.0,,,,Dominica,[],['English'],XCD,.dm,−04:00,1 767
Dominican Republic,Caribbean,10848,224.5,Santo Domingo,3245.0,24-Oct-45,48671,99.8,Dominican Peso (DOP),53,81299,7,7650.1,6,30.3,56.2,8.8,19.9,71.3,5.9,51.6/77.4,135,145,11117,20599,- 9 482,- 1 205,1.1,81.8,2.5,2.4,77.1/70.7,27.4/11.1,567.6/5.3,28.9,25.9,6.1,1.5,2,102.5/108.8,83.0/77.0,77.0/43.0,10,27.9,74.8,203,41,32,32,81.1,0.11,,21.4/2.0,6569,,,,Dominican Republic,['Haiti'],['Spanish'],DOP,.do,−04:00,1 809 1 829 1 849
Ecuador,South America,17643,71,Quito,1847.7,21-Dec-45,257217,100.1,US Dollar (USD),1,108398,1.4,6344.9,9.9,34.9,60.6,29.4,18.2,52.5,4.2,55.3/81.0,124,115,22245,22425,-180,-79,1.7,64,1.8,2.4,79.6/74.0,27.4/11.0,381.5/2.2,420.5,13.6,8.3,2,5,104.1/102.4,102.8/100.1,48.4/41.5,5.8,39.4,57.3,2501,50.5,1263,37,30.2,0.38,0.4,34.3/2.1,2535,33.4/57.2,84.9/57.9,,Ecuador,"['Colombia', 'Peru']","['Spanish', 'Quechua']",USD,.ec,"['−05:00', '−06:00']",593
Egypt,Northern Africa,102334,102.8,Cairo,20485.0,24-Oct-45,1002000,102.1,Egyptian Pound (EGP),16,249751,5.3,2537.5,11.5,35.9,52.6,23.3,28.2,48.6,10.1,22.1/70.9,289,124,30633,78658,- 48 025,- 10 222,2,42.7,2.1,3.3,74.1/69.5,33.9/8.2,504.1/0.5,319.5,15.6,5.3,0.5,3.8,106.5/106.1,87.3/88.5,35.8/34.6,2.6,15.1,46.9,172,0.1,3418,41,39.4,0.85,0.7,209.2/2.1,11196,70.7/...,,,Egypt,"['Israel', 'Libya', 'Sudan', 'Palestine']",['Arabic'],EGP,.eg,+02:00,20
El Salvador,Central America,6486,313,San Salvador,1105.7,24-Oct-45,21041,88,US Dollar (USD),1,26057,2.5,4058.2,5.4,28,56.8,16,22.1,62,4.2,45.5/75.8,111,111,5943,12018,- 6 074,-558,0.5,72.7,1.7,2.1,77.5/68.1,26.6/12.1,42.6/0.7,75.3,14.6,7.2,1.6,3.8,93.3/96.3,71.4/71.9,31.1/27.5,52,33.3,33.8,107,12.8,89,27,25,1.03,0.2,5.7/0.9,1677,,77.3/...,,El Salvador,"['Guatemala', 'Honduras']",['Spanish'],USD,.sv,−06:00,503
Equatorial Guinea,Middle Africa,1403,50,Malabo,296.8,12-Nov-68,28052,125.3,"CFA Franc, BEAC (XAF)",583.9,13324,-4.7,10179.2,2.3,57.1,56.7,42.5,18.5,38.9,6.5,55.0/67.5,124,115,3939,3902,37,,3.7,72.6,5.6,4.6,59.4/57.3,36.8/3.8,227.6/16.8,,66.1,3.1,0.4,,61.6/62.0,22.1/29.9,,,21,26.2,205.0,55.9,740.0,39.0,100.0,0.06,,,,,,,Equatorial Guinea,"['Cameroon', 'Gabon']","['French', 'Portuguese', 'Spanish']",XAF,.gq,+01:00,240
Eritrea,Eastern Africa,3546,35.1,Asmara,928.8,28-May-93,117600,100.5,Nakfa (ERN),15.1,6855,4.2,1985.4,17.3,23.5,55,60.8,8.5,30.7,5.2,71.4/85.3,,104,18,5677,- 5 659,,1.2,40.7,3.6,4.1,68.0/63.6,41.1/6.4,16.1/0.5,0.9,34.7,2.9,0.1,2.1,63.1/73.6,45.4/49.9,2.8/3.9,,22,1.3,143,15,28,11,13.3,5.16,,0.6/0.1,142,,,,Eritrea,"['Djibouti', 'Ethiopia', 'Sudan']",['Tigrinya'],ERN,.er,+03:00,291
Estonia,Northern Europe,1326,31.3,Tallinn,441.3,17-Sep-91,45227,90,Euro (EUR),0.9,30747,4.8,23241.9,3.1,27.7,62.3,3.1,29.4,67.6,5.4,56.8/70.7,122,128,16811,18659,- 1 848,690,0.2,69.1,-0.2,1.6,82.5/74.0,16.5/26.8,190.2/14.4,77,2,6.4,4.5,5.2,97.3/97.2,118.9/116.2,84.8/55.4,2.1,28.7,89.4,48,51.3,242,185,94.9,,1.4,16.0/12.1,3234,98.7/94.4,,0.16,Estonia,"['Latvia', 'Russia']",['Estonian'],EUR,.ee,+02:00,372
Eswatini,Southern Africa,1160,67.5,Mbabane,68,24-Sep-68,17363,96.7,Lilangeni (SZL),14.1,4711,2.4,4145.7,9,34.6,55.8,12.3,23.5,64.2,22,48.6/56.9,163,113,2002,1832,169,196,1,24,2.6,3,63.9/55.2,37.4/5.7,32.3/2.8,1.8,41.4,6.9,0.3,7.1,110.3/119.9,82.2/82.6,6.6/7.0,11.6,9.6,47,41,34.1,37,39,30.6,2.57,0.3,,782,,88.7/...,,Eswatini,"['Mozambique', 'South Africa']","['English', 'Swazi']",SZL,.sz,+02:00,268
Ethiopia,Eastern Africa,114964,115,Addis Ababa,4592.0,13-Nov-45,1104300,100.1,Ethiopian Birr (ETB),31.8,80292,6.8,735.1,32.8,28.7,18.8,65.6,10.4,24,2.1,73.6/85.8,249,164,938,9675,- 8 737,- 4 611,2.6,21.2,4.9,4.3,67.9/64.1,39.9/5.3,1253.1/1.1,5444.5,37,3.5,0.1,4.7,96.1/105.8,34.2/35.6,5.3/10.9,8.8,38.8,18.6,180,12.5,1371,15,18.1,5.9,0.3,13.1/0.1,849,.../3.8,38.4/4.6,,Ethiopia,"['Djibouti', 'Eritrea', 'Kenya', 'Somalia', 'South Sudan', 'Sudan']","['Afar, Amharic, Oromo, Somali, Tigrinya and English']",ETB,.et,+03:00,251
Falkland Islands,South America,3,0.2,Stanley,2.3,,12173,110.5,Falkland Islands Pound (FKP),0.8,,,,,,,,,,1.2,77.2/86.0,,96,2,8,-6,,0.2,78.1,1,,,16.4/15.7,1.9/56.3,,,,,,,,,,,99.0,24.0,0.0,0.0,183.0,10.9,,,,,,,,Falkland Islands,,,FKP,.fk,−03:00,500
Faroe Islands,Northern Europe,50,35.7,TÛrshavn,20.8,,1393,107.2,Danish Krone (DKK),6.7,,,,,,,11.1,22.2,66.7,4,79.4/86.0,,101,1950,1264,686,194,0.4,42.2,0.5,2.4,84.5/78.3,21.0/22.5,6.5/13.3,,,,,,,,,,,97.6,29.0,0.1,1.0,210.0,15.8,,,,,,,,Faroe Islands,,,DKK,.fo,±00:00,298
Fiji,Melanesia,896,49.1,Suva,178.3,13-Oct-70,18272,102.6,Fiji Dollar (FJD),2.1,5537,3.5,6267.0,13.4,19.4,58.8,35.7,13.3,51,4.1,38.6/76.2,132,84,1137,2650,- 1 513,-696,0.6,56.8,1.7,2.8,69.1/65.6,29.0/9.6,14.0/1.6,~0.0,20.3,3.5,0.9,3.9,105.2/107.6,94.3/85.7,17.6/14.7,2.3,19.6,50.0,321.0,55.7,7.0,38.0,11.2,2.28,,,870.0,,,,Fiji,[],"['English', 'Fijian', 'Fiji Hindi']",FJD,.fj,+12:00,679
Finland,Northern Europe,5541,18.2,Helsinki,1292.2,14-Dec-55,338440,97.3,Euro (EUR),0.9,276878,1.7,50135.7,2.8,28.4,47.5,3.5,22,74.5,6.7,55.3/62.5,112,97,72802,73335,-533,- 2 060,0.2,85.4,0.8,1.5,84.5/78.8,15.9/29.0,383.1/6.9,35,1.7,9.2,3.8,6.9,99.9/100.4,161.5/146.8,95.7/81.0,1.6,46,88.9,61,73.1,753,251,71.8,,2.8,42.6/7.7,3224,99.3/...,,0.42,Finland,"['Norway', 'Sweden', 'Russia']","['Finnish', 'Swedish']",EUR,.fi,+02:00,358
France,Western Europe,65274,119.2,Paris,10958.2,24-Oct-45,551500,93.8,Euro (EUR),0.9,2778892,1.7,41358.1,1.8,19,79.8,2.4,19.9,77.7,8.3,50.6/59.6,110,96,569757,651164,- 81 407,- 18 549,0.3,80.7,0.8,1.9,85.4/79.4,17.7/26.8,8334.9/12.8,473.4,3,11.3,3.3,5.4,102.2/102.8,104.1/103.5,72.8/58.7,1.2,39.5,82,366,31,5388,153,80.4,,2.2,306.1/4.6,89322,,,0.43,France,"['Andorra', 'Belgium', 'Brazil', 'Germany', 'Italy', 'Luxembourg', 'Monaco', 'Netherlands', 'Spain', 'Suriname', 'Switzerland']",['French'],EUR,.fr,+01:00,33
French Guiana,South America,299,3.6,Cayenne,57.5,,83534,97.9,Euro (EUR),0.9,,,,,,,,14.9,58.3,21.3,48.4/58.8,108,127,,,,,2.7,85.6,3.1,3.4,83.0/76.7,31.8/8.9,117.4/40.4,,8.7,,,,,,,13.2,,,79,98.2,3.0,,83.1,,,,111,,,,French Guiana,,,EUR,.gf,−03:00,594
French Polynesia,Polynesia,281,76.8,Papeete,136,,4000,102.6,CFP Franc (XPF),106.2,6100,2.5,21967.5,3.1,11.8,74.2,6.8,14.6,78.6,11.9,47.4/60.1,122,102,133,2102,- 1 969,412,0.6,61.9,1.2,2,79.6/75.3,22.2/13.6,31.2/11.2,,6.7,,,,,,,0.4,,72.7,181.0,42.3,1.0,40.0,0.0,,,,216.0,,,,French Polynesia,,,XPF,.pf,"['−10:00', '−09:30', '−09:00']",689
Gabon,Middle Africa,2226,8.6,Libreville,823.9,20-Sep-60,267668,103.7,"CFA Franc, BEAC (XAF)",583.9,16994,1.2,8018.8,5.2,49.5,79.2,32.4,10.8,56.9,20.2,43.8/61.9,122,123,486,2548,- 2 062,141,2.7,89.7,3.9,4,68.2/64.0,37.3/5.4,411.5/18.9,0.7,35.3,2.8,0.7,2.7,137.7/142.1,,,,14.8,62,329,89.3,494,54,61.7,0.74,0.6,3.4/1.7,269,,,,Gabon,"['Cameroon', 'Republic of the Congo', 'Equatorial Guinea']",['French'],XAF,.ga,+01:00,241
Gambia,Western Africa,2417,238.8,Banjul,443.4,21-Sep-65,11295,98.4,Dalasi (GMD),49.5,1633,6.5,716.1,21.6,16.9,42.4,26.6,15.8,57.7,9.1,51.4/68.1,173,106,25,494,-469,-79,2.9,61.9,4.4,5.2,63.0/60.2,44.0/3.9,215.4/9.2,4.4,44.8,3.3,0.1,2.1,102.5/93.6,49.1/51.2,2.2/3.2,,8.6,19.8,87,48.2,7,7,34.6,14.68,0.1,,552,,68.3/...,,Gambia,['Senegal'],['English'],GMD,.gm,±00:00,220
Georgia,Western Asia,3989,57.4,Tbilisi,1077.3,31-Jul-92,69700,91.1,Lari (GEL),2.9,17600,4.8,4396.7,7.8,22.9,62.2,41.3,14.2,44.5,14.7,57.4/80.9,131,74,3764,9098,- 5 333,-901,-0.2,59,-0.7,2.1,77.9/69.1,20.2/21.5,79.0/2.0,287.4,9.4,7.6,7.1,3.8,99.2/98.1,106.8/105.3,68.1/60.2,2.2,14.1,62.7,126,40.6,58,52,40.3,3.81,0.3,8.7/2.3,4757,15.9/...,,,Georgia,"['Armenia', 'Azerbaijan', 'Russia', 'Turkey']",['Georgian'],GEL,.ge,+04:00,995
Germany,Western Europe,83784,240.4,Berlin,3556.8,18-Sep-73,357376,97.8,Euro (EUR),,3949549,1.5,47513.7,0.9,30.5,76.9,1.2,26.8,72.1,3,55.3/66.5,105,107,1493090,1240700,252398,274847,0.5,77.4,0.3,1.6,83.6/78.7,14.0/28.6,13132.1/15.7,1461.0,3.2,11.2,4.2,4.8,104.2/103.9,95.2/101.4,70.7/69.8,0.9,31.2,89.7,200,32.7,4801,158,78.8,,3.1,718.8/8.7,38881,98.8/91.8,,0.67,Germany,"['Austria', 'Belgium', 'Czech Republic', 'Denmark', 'France', 'Luxembourg', 'Netherlands', 'Poland', 'Switzerland']",['German'],EUR,.de,+01:00,49
Ghana,Western Africa,31073,136.6,Accra,2475.2,08-Mar-57,238537,102.8,Ghana Cedi (GHS),5.5,65535,6.3,2201.6,19.7,34,44.5,28.5,22.2,49.4,4.5,63.5/71.8,255,153,16768,10440,6328,- 2 044,2.2,56.7,3.6,3.9,64.7/62.6,37.1/5.3,466.8/1.5,13.4,35.6,3.3,0.1,3.6,105.6/104.1,64.5/64.6,13.6/17.7,2.1,13.1,39,255,41,519,11,80.6,1.66,0.4,13.8/0.5,897,,56.5/11.5,,Ghana,"['Burkina Faso', ""Côte d'Ivoire"", 'Togo']",['English'],GHS,.gh,±00:00,233
Gibraltar,Southern Europe,35,3500.0,Gibraltar,34.7,,6,101.8,Gibraltar Pound (GIP),0.8,,,,,,,,,,,,142,,436,1052,-615,,0.4,100,0.6,,,18.1/22.4,11.2/33.2,,,,,,103.7/103.4,115.7/119.1,,3,,94.4,36,0,,309,,,,0.7/20.7,,,100.0/...,,Gibraltar,,,GIP,.gi,+01:00,350
Greece,Southern Europe,10423,80.9,Athens,3154.2,25-Oct-45,131957,96.4,Euro (EUR),0.9,218139,1.9,20731.2,4.3,17.5,74.7,11.7,15.2,73.1,15.5,43.9/59.3,102,93,37886,62198,- 24 313,- 2 928,-0.4,79.4,0.1,1.3,84.5/79.5,13.7/28.8,1211.4/11.6,147.1,2.8,8,5.5,4,99.6/99.5,101.4/107.5,137.0/136.2,0.9,20.7,73,520,31.5,301,87,86,,1.2,63.2/5.9,30123,96.6/...,,0.16,Greece,"['Albania', 'Bulgaria', 'Turkey', 'North Macedonia']",['Greek'],EUR,.gr,+02:00,30
Greenland,Northern America,57,0.1,Nuuk,18.4,,2166086,112.1,Danish Krone (DKK),6.7,3052,3.2,53949.8,18.6,18.4,67.1,4.6,12.6,82.5,9.7,,,98,771,738,32,,0.1,87.1,0.3,2,73.6/69.1,21.0/13.2,5.7/10.0,,,,,,,,,5.3,,69.5,27,~0.0,1,156,26.3,,,,,,,,Greenland,,,DKK,.gl,,299
Grenada,Caribbean,112,331,Saint George's,8-Feb-00,17-Sep-74,345,101.5,E. Caribbean Dollar (XCD),2.7,1169,4.1,10485.9,6.3,16.2,88.9,,,,,,107,128,32,470,-438,-116,0.5,36.4,0.5,2.1,75.0/70.1,23.8/14.9,7.1/6.4,~0.0,15,4.8,1.4,3.2,106.0/107.7,122.1/118.2,116.2/93.2,10.8,46.7,59.1,60.0,50.0,0.0,40.0,34.5,2.89,,,185.0,,,,Grenada,[],['English'],XCD,.gd,−04:00,1 473
Guadeloupe,Caribbean,400,245.8,Basse-Terre,58.4,,1705,85.6,Euro (EUR),0.9,,,,,,,3.3,13.5,65.5,26.1,49.6/56.5,109,92,,,,,-~0.0,98.5,-~0.0,2.2,85.2/78.1,18.4/26.1,100.0/22.3,,4.6,,,,,,,5.8,,,83,43,2.0,,82.4,,,,735,,,,Guadeloupe,,,EUR,.gp,−04:00,590
Guam,Micronesia,169,312.5,HagÂtÒa,146.9,,549,101.8,US Dollar (USD),,,,,,,,0.2,14.3,85.5,5.7,52.2/76.2,120,78,,,,,0.8,94.9,0.4,2.3,83.3/76.5,23.9/15.2,79.8/47.7,,8.7,,,,,,,2.5,,80.5,107,46.3,0,1,40.2,,0.3,,1549,,,,Guam,,,USD,.gu,+10:00,1 671
Guatemala,Central America,17916,167.2,Guatemala City,2891.2,21-Nov-45,108889,97.1,Quetzal (GTQ),7.7,78461,3.1,4549.0,10.2,25.2,53.4,31.3,18.4,50.3,2.5,39.9/86.4,143,158,11289,19871,- 8 581,1854,1.9,51.4,2.7,2.9,76.8/71.0,33.3/7.2,80.4/0.5,146.8,20.7,5.8,0.4,2.8,100.5/103.2,51.4/54.0,23.6/20.0,22.5,19,65,352,33,343,31,30,0.52,~0.0,15.7/0.9,1781,,65.6/46.1,,Guatemala,"['Belize', 'El Salvador', 'Honduras', 'Mexico']",['Spanish'],GTQ,.gt,−06:00,502
Guinea,Western Africa,13133,53.4,Conakry,1889.2,12-Dec-58,245857,93.7,Guinean Franc (GNF),9400.8,11640,5.8,937.6,19.5,32.7,44.4,61.3,6.2,32.5,4.3,62.8/60.3,263,135,2384,2032,351,-190,2.8,36.5,3.1,4.7,61.5/60.3,43.0/4.7,120.6/0.9,6.4,51.6,4.1,0.1,2.2,82.4/100.5,31.0/47.5,7.0/16.2,,22.8,18.0,365.0,25.9,115.0,12.0,71.2,5.73,,,99.0,,,,Guinea,"[""Côte d'Ivoire"", 'Guinea-Bissau', 'Liberia', 'Mali', 'Senegal', 'Sierra Leone']",['French'],GNF,.gn,±00:00,224
Guineabissau,Western Africa,1968,70,Bissau,31-Jul-01,17-Sep-74,36125,95.8,"CFA Franc, BCEAO (XOF)",583.9,1459,3.8,778.4,49.9,13.3,38.1,67.8,7,25.2,2.5,65.9/78.6,112,143,3731,188,3544,-54,2.5,43.8,3.6,4.5,59.7/55.8,41.9/4.6,26.9/1.4,1.9,57.1,7.2,0.1,2.1,114.5/122.9,,,1.1,13.7,3.9,92.0,70.1,26.0,17.0,52.6,10.55,,,45.0,,,,Guineabissau,"['Guinea', 'Senegal']",['Portuguese'],XOF,.gw,±00:00,245
Guyana,South America,787,4,Georgetown,18-Apr-00,20-Sep-66,214969,101.2,Guyana Dollar (GYD),208.5,3818,3.4,4900.8,14.7,38.4,64.4,16.8,22.9,60.3,11.8,44.1/68.4,116,130,1405,3467,- 2 062,- 1 072,0.5,26.7,0.4,2.5,72.9/66.7,27.7/10.8,15.7/2.0,36.5,26.8,4.9,0.8,6.3,96.0/99.6,99.2/96.3,15.4/7.8,14.2,34.8,37.3,122.0,84.0,7.0,47.0,,2.87,,,287.0,,,,Guyana,"['Brazil', 'Suriname', 'Venezuela']",['English'],GYD,.gy,−04:00,592
Haiti,Caribbean,11402,413.7,Port-au-Prince,2704.2,24-Oct-45,27750,97.4,Gourde (HTG),92,9287,1.5,834.9,18.6,31.7,32.6,28.3,6.6,65,13.9,62.1/72.9,181,155,746,3118,- 2 372,-343,1.3,56.2,3.3,3,65.7/61.4,32.5/7.7,18.8/0.2,3,54.3,8,0.2,2.4,,,,6.7,2.5,32.5,269,3.5,142,17,41,10.26,,3.3/0.3,447,,,,Haiti,['Dominican Republic'],"['French', 'Haitian Creole']",HTG,.ht,−05:00,509
Vatican City,Southern Europe,1,1820.5,Vatican City,0.8,,~0,219.2,Euro (EUR),0.9,,,,,,,,,,,,,,,,,,,,,,,,,,,,,,,,,,,,1.0,,,,,,,,,,,,Vatican City,['Italy'],['Italian'],EUR,.va,+01:00,379
Honduras,Central America,9905,88.5,Tegucigalpa,1403.2,17-Dec-45,112492,99.9,Lempira (HNL),24.6,23970,3.7,2500.1,12.3,28,58.9,30.1,19.7,50.2,5.2,52.1/85.8,150,124,4161,10059,- 5 898,-163,1.7,57.7,3,2.5,77.3/72.7,30.6/7.4,38.9/0.4,251.6,15,7.9,0.3,6,91.5/91.6,55.9/48.6,30.3/22.2,38.9,21.1,31.7,342,41,126,27,59,2.99,~0.0,9.4/1.0,851,34.5/...,.../18.5,,Honduras,"['Guatemala', 'El Salvador', 'Nicaragua']",['Spanish'],HNL,.hn,−06:00,504
Hungary,Eastern Europe,9660,106.7,Budapest,1763.9,14-Dec-55,93024,90.8,Forint (HUF),294.7,157883,5.1,16264.0,4.2,30.1,66.5,4.6,32.8,62.6,3.5,48.5/65.3,122,88,121995,116556,5439,- 1 247,-0.2,71.6,0.2,1.5,80.1/73.0,14.4/26.8,512.0/5.3,6.4,4.1,6.9,3.4,4.7,100.5/101.1,103.6/103.4,53.9/43.3,2.5,12.1,76.1,123,22.7,472,115,82.5,,1.6,45.8/4.7,17552,94.7/98.2,,0.11,Hungary,"['Austria', 'Croatia', 'Romania', 'Serbia', 'Slovakia', 'Slovenia', 'Ukraine']",['Hungarian'],HUF,.hu,+01:00,36
Iceland,Northern Europe,341,3.4,Reykjavik,3-Aug-00,19-Nov-46,103000,100.9,Iceland Krona (ISK),121.1,25882,4.6,76867.3,5.2,22.4,66,3.8,16.1,80.1,3.2,70.6/78.9,129,126,5228,6579,- 1 351,1404,0.7,93.9,0.6,1.8,84.3/81.2,19.4/21.6,52.4/15.5,1.2,1.3,8.3,4.1,7.5,100.3/100.4,116.9/118.1,94.4/50.6,0.9,38.1,99,36,0.5,299,977,19.1,,2,2.2/6.3,2344,,,0.28,Iceland,[],"['Icelandic', 'Icelandic Sign Language']",ISK,.is,±00:00,354
India,Southern Asia,1380004,464.1,New Delhi,29399.1,30-Oct-45,3287263,108.2,Indian Rupee (INR),71.3,2779352,6.8,2054.8,16.1,29.6,62,41.5,26.2,32.3,5.4,20.3/76.0,180,145,323251,478884,- 155 633,- 26 894,1,34.5,2.4,2.2,70.5/68.1,26.2/10.1,5154.7/0.4,206.6,32,3.5,0.9,3.8,121.1/105.6,76.6/73.9,29.1/27.2,3.1,14.4,34.4,1118,23.8,23410,28,21,0.09,0.6,2161.6/1.6,17423,.../39.0,.../56.0,,India,"['Bangladesh', 'Bhutan', ""People's Republic of China"", 'Myanmar', 'Nepal', 'Pakistan', 'Sri Lanka', 'Afghanistan']","['Hindi', 'English']",INR,.in,+05:30,91
Indonesia,South-eastern Asia,273524,151,Jakarta,10638.7,28-Sep-50,1910931,101.4,Rupiah (IDR),13901.0,1042173,5.2,3893.5,13.3,41.4,42.7,27.7,22.7,49.6,4.8,53.2/81.8,151,143,167003,170727,- 3 724,- 30 387,1.1,56,2.6,2.3,73.6/69.3,25.9/10.1,353.1/0.1,14,18.9,3,0.4,3.6,104.6/108.1,90.0/87.8,39.0/33.8,0.4,20.4,39.9,1654,48.5,19187,38,26.1,0.1,0.2,496.4/1.9,15810,,,,Indonesia,"['East Timor', 'Malaysia', 'Papua New Guinea']",['Indonesian'],IDR,.id,"['+09:00', '+07:00', '+08:00']",62
Iran,Southern Asia,83993,51.6,Tehran,9013.7,24-Oct-45,1628750,102,Iranian Rial (IRR),42000.0,473091,-4.8,5783.5,10,34.3,50.5,17.8,30.3,51.9,11.2,17.3/71.1,175,110,17394,20502,- 3 108,,1.4,75.4,2,2.2,77.6/75.3,24.7/10.3,2682.2/3.2,979.5,12.8,8.7,1.6,4,113.9/107.7,84.7/87.9,62.9/73.3,2.5,5.9,70,161,6.6,17740,135,43.6,0.03,0.8,567.1/7.0,7295,,94.9/82.7,,Iran,"['Afghanistan', 'Armenia', 'Azerbaijan', 'Iraq', 'Pakistan', 'Turkey', 'Turkmenistan']",['Persian'],IRR,.ir,+03:30,98
Iraq,Western Asia,40222,92.6,Baghdad,6974.4,21-Dec-45,435052,102.5,Iraqi Dinar (IQD),1182.0,212272,-1,5523.1,1.9,55.3,48.4,17.8,22.4,59.9,12.8,11.8/74.3,120,75,4658,31372,- 26 714,15675,2.5,70.7,3.4,3.7,72.4/68.3,37.7/5.1,368.1/0.9,2132.4,24.1,4.2,0.7,,99.1/117.8,46.0/61.4,12.0/20.1,10.1,26.4,75,80,1.9,9881,66,5.8,1.03,~0.0,139.9/3.7,892,39.4/45.0,64.1/46.5,,Iraq,"['Iran', 'Jordan', 'Kuwait', 'Saudi Arabia', 'Syria', 'Turkey']",['Arabic'],IQD,.iq,+03:00,964
Ireland,Northern Europe,4938,71.7,Dublin,1214.7,14-Dec-55,69797,98.6,Euro (EUR),0.9,382674,8.2,79414.6,1,39.3,60,4.5,18.5,77,5.2,55.8/67.9,107,110,170743,101473,69270,- 36 374,1.2,63.4,0.6,1.8,83.7/80.4,20.8/19.6,833.6/17.1,14.4,2.7,7.2,3.3,3.7,100.7/101.0,124.3/126.3,82.0/73.7,0.9,20.9,84.5,79,10.9,204,121,86,,1.1,35.7/7.4,10926,88.5/72.1,,0.32,Ireland,['United Kingdom'],"['English', 'Irish']",EUR,.ie,±00:00,353
Isle of Man,Northern Europe,86,150.7,Douglas,27.2,,572,98.2,Pound Sterling (GBP),0.8,,,,,,,1.9,14.8,83.3,2.6,57.5/69.3,161,,,,,,0.6,52.7,0.9,,,16.0/26.9,42.9/50.7,,,,,,,,,0,,,6.0,6.1,0.0,53.0,,,,,,,,,Isle of Man,,,GBP,,,
Israel,Western Asia,8656,400,Jerusalem,7-Jul-02,11-May-49,22072,99.1,New Israeli Sheqel (ILS),3.5,370588,3.4,44214.9,1.3,21.5,78.2,0.9,16.8,82.3,3.8,59.7/68.5,108,109,58488,76579,- 18 090,14051,1.6,92.5,1.7,3,84.3/81.0,27.8/16.5,1956.3/23.0,55.1,2.7,7.4,4.6,5.8,105.4/104.4,106.0/104.2,74.5/52.8,1.5,23.3,83.7,207,7.6,375,116,20.3,,5,63.8/7.3,4121,93.8/91.8,99.4/99.2,0.12,Israel,"['Egypt', 'Jordan', 'Lebanon', 'Syria', 'Palestine']",['Hebrew'],ILS,.il,+02:00,972
Italy,Southern Europe,60462,205.6,Rome,4234.0,14-Dec-55,302073,94.9,Euro (EUR),0.9,2084882,0.8,34388.5,2.2,23.9,78.8,3.6,25.6,70.8,9.8,40.7/58.7,111,92,532684,473562,59121,58933,-~0.0,70.7,0.3,1.3,85.4/81.0,13.0/29.8,6273.7/10.4,261.4,2.6,8.8,4,3.8,100.3/103.4,100.9/101.6,71.5/53.0,0.6,35.7,74.4,482,31.6,1421,108,77.3,,1.4,321.5/5.3,61567,96.3/96.1,,0.3,Italy,"['Austria', 'France', 'San Marino', 'Slovenia', 'Switzerland', 'Vatican City']",['Italian'],EUR,.it,+01:00,39
Jamaica,Caribbean,2961,273.4,Kingston,11-Aug-01,18-Sep-62,10990,98.5,Jamaican Dollar (JMD),131.2,15714,1.9,5354.3,7.7,23.5,65.7,15.7,16.2,68.1,8,60.0/72.6,163,105,1586,6339,- 4 753,-288,0.5,56,0.8,2,75.9/72.8,23.4/13.3,23.5/0.8,~0.0,11.8,6,1.3,5.4,88.9/93.0,83.6/81.0,34.7/19.9,43.9,17.5,55.1,323,31,6,38,29.5,0.66,,7.0/2.4,2473,,,,Jamaica,[],['English'],JMD,.jm,−05:00,1 876
Japan,Eastern Asia,126476,346.9,Tokyo,37435.2,18-Dec-56,377930,95.4,Yen (JPY),109.1,4971323,0.8,39082.1,1.1,28.5,62.8,3.4,24.1,72.6,2.3,52.7/71.0,105,92,705640,720895,- 15 255,184540,-0.2,91.7,~0.0,1.4,87.5/81.3,12.4/34.3,2498.9/2.0,31.5,1.8,10.9,2.4,3.6,,,,0.3,9.9,91.3,470,68.5,1727,142,64.8,,3.3,1132.4/8.9,31192,,,0.23,Japan,[],['Japanese'],JPY,.jp,+09:00,81
Jordan,Western Asia,10203,114.9,Amman,2108.5,14-Dec-55,89318,102.6,Jordanian Dinar (JOD),0.7,42231,1.9,4237.8,5.9,29,75.8,3,24.4,72.6,14.6,14.4/63.5,125,145,8146,19669,- 11 523,- 2 850,1.9,91.2,5.8,2.8,76.1/72.7,32.9/6.1,3346.7/33.1,756.1,14.6,8.1,2.3,3.6,80.7/82.2,64.2/62.1,37.4/31.5,1.4,15.4,66.8,121,1.1,11,40,13.5,6,0.7,25.6/2.6,4150,83.2/...,,,Jordan,"['Iraq', 'Israel', 'Saudi Arabia', 'Syria', 'Palestine']",['Arabic'],JOD,.jo,+02:00,962
Kazakhstan,Central Asia,18777,7,Nur-Sultan,1117.6,02-Mar-92,2724902,94.3,Tenge (KZT),382.6,179340,4.1,9789.5,4.7,35.9,48.2,15.4,20.5,64.1,4.6,62.2/75.1,169,139,57723,38357,19366,- 6 498,1.3,57.5,1.7,2.8,77.4/68.8,29.1/12.2,3705.6/20.0,8.9,7.7,3.1,4,2.8,105.3/103.5,113.8/112.7,68.4/55.4,5.1,27.1,78.9,81,1.2,7359,183,11.1,0.05,0.1,255.8/14.2,4560,90.5/...,,0.02,Kazakhstan,"[""People's Republic of China"", 'Kyrgyzstan', 'Russia', 'Turkmenistan', 'Uzbekistan']","['Kazakh', 'Russian']",KZT,.kz,"['+05:00', '+06:00']",7
Kenya,Eastern Africa,53771,94.5,Nairobi,4556.4,16-Dec-63,591958,98.8,Kenyan Shilling (KES),101.3,87906,6.3,1710.5,36.7,17.6,41.8,53.8,7.4,38.7,2.6,72.3/77.5,181,126,6526,19845,- 13 319,- 5 018,2.3,27.5,4.4,3.5,68.5/63.8,38.6/4.2,1044.9/2.0,492.5,36.3,4.8,0.2,5.2,103.4/103.0,53.7/59.9,9.7/13.2,4.9,21.8,17.8,549,7.8,738,19,34.5,2.86,0.8,16.3/0.3,1364,,50.0/...,,Kenya,"['Ethiopia', 'Somalia', 'South Sudan', 'Tanzania', 'Uganda']",['English'],KES,.ke,+03:00,254
Kiribati,Micronesia,119,147.5,Bairiki,3-Jan-00,14-Sep-99,726,96.8,Australian Dollar (AUD),1.4,189,2.3,1627.4,24,15.6,70.5,22.1,16.1,61.8,30.6,52.3/66.8,100,61,10,554,-544,77,1.5,54.8,3.5,3.6,72.0/63.9,35.9/6.8,3.0/2.6,,43,10.8,0.2,,104.9/97.9,91.4/82.7,,7.5,6.5,14.6,108.0,15.0,1.0,12.0,40.0,20.67,,,7.0,,,,Kiribati,[],['English'],AUD,.ki,"['+12:00', '+14:00', '+13:00']",686
Kuwait,Western Asia,4271,239.7,Kuwait City,3052.5,14-May-63,17818,157.9,Kuwaiti Dinar (KWD),0.3,141698,1.2,34248.8,0.4,54.7,65,2,24.4,73.7,2.3,49.3/87.3,125,191,81282,40063,41219,24049,2.1,100,5.4,2.1,76.4/74.6,21.5/6.5,3034.8/72.1,93.7,7.1,5.3,2.6,3.8,97.2/88.1,101.0/94.9,76.1/35.8,1.8,6.4,99.6,57,0.4,6919,383,51.6,,0.1,89.4/21.6,8508,,,0.41,Kuwait,"['Iraq', 'Saudi Arabia']",['Standard Arabic'],KWD,.kw,+03:00,965
Kyrgyzstan,Central Asia,6524,34,Bishkek,1017.2,02-Mar-92,199949,97.9,Som (KGS),69.6,8093,3.5,1283.8,13.1,30.9,45.8,20.4,24.7,54.9,6.6,44.5/75.6,156,117,2517,5906,- 3 390,-962,1.8,36.6,1.8,3,75.4/67.2,32.6/8.1,200.3/3.1,0.6,15.5,6.2,2.2,6.1,107.2/107.9,95.0/95.1,46.7/36.0,2.2,19.2,38,43,3.3,88,27,25.7,5.27,0.1,8.9/1.4,6947,,93.5/53.9,,Kyrgyzstan,"[""People's Republic of China"", 'Kazakhstan', 'Tajikistan', 'Uzbekistan']","['Kyrgyz', 'Russian']",KGS,.kg,+06:00,996
Laos,South-eastern Asia,7276,31.5,Vientiane,3-Nov-01,14-Dec-55,236800,100.8,Lao Kip (LAK),8861.0,17954,6.2,2542.5,17.7,35.5,57.3,61.7,12.2,26.2,0.6,76.8/80.2,131,219,5809,5797,12,- 1 430,1.5,35.6,3.2,2.7,69.2/65.7,31.9/6.8,48.3/0.7,~0.0,38.8,2.5,0.4,2.9,100.4/104.3,65.0/69.6,15.5/14.4,,27.5,25.5,250,81.3,276,35,44,3.29,,,3770,62.4/55.8,26.3/10.8,,Laos,"['Cambodia', ""People's Republic of China"", 'Myanmar', 'Thailand', 'Vietnam']",,LAK,.la,+07:00,856
Latvia,Northern Europe,1886,30.3,Riga,24-Sep-01,17-Sep-91,64573,85.5,Euro (EUR),0.9,34426,4.6,17851.6,4.1,22.5,66.9,6.5,23.7,69.8,6.5,55.3/67.9,117,139,14447,17768,- 3 320,-176,-1.1,68.2,-1.2,1.7,79.8/69.9,16.4/27.6,237.3/12.4,225.5,3.3,6,3.2,4.7,99.5/99.3,110.2/111.3,105.1/72.0,4.4,30,83.6,40,54,108,95,97.2,,0.6,6.7/3.4,1946,90.2/76.5,,0.11,Latvia,"['Belarus', 'Estonia', 'Lithuania', 'Russia']",['Latvian'],EUR,.lv,+02:00,371
Lebanon,Western Asia,6825,667.2,Beirut,2406.9,24-Oct-45,10452,101.4,Lebanese Pound (LBP),1507.5,56409,0.2,8223.7,3.3,16.3,73.8,13.4,22.3,64.3,6.3,22.9/71.3,126,89,3154,18472,- 15 317,- 12 445,0.9,88.8,6.2,2.1,80.8/77.0,25.1/11.2,1863.9/27.2,949.6,9.4,8.2,2.1,2.5,,,,2.5,4.7,78.2,109,13.4,8,54,12.3,2.6,,26.9/4.4,1964,,,,Lebanon,"['Israel', 'Syria']",['Arabic'],LBP,.lb,+02:00,961
Lesotho,Southern Africa,2142,70.6,Maseru,19-Jul-00,17-Oct-66,30355,97.4,Loti (LSL),14.1,2631,1.2,1248.0,6,34,53.2,8.4,41.9,49.6,22.8,60.1/76.1,156,96,345,1171,-826,-80,0.8,28.6,2.9,3.2,56.8/50.4,32.2/7.5,6.9/0.3,0.1,62.3,8.8,0.1,6.5,117.8/124.1,71.3/52.8,12.4/8.0,43.6,23.3,29,19,1.6,18,21,16.4,4.91,~0.0,,1173,,,,Lesotho,['South Africa'],"['Sotho', 'English']",LSL,.ls,+02:00,266
Liberia,Western Africa,5058,52.5,Monrovia,1467.0,02-Nov-45,111369,101.1,Liberian Dollar (LRD),187.9,2122,1.2,440.3,72.5,9.4,15.6,43,10.1,46.9,2.7,72.1/80.6,223,113,841,345,496,-674,2.5,51.6,3.4,4.4,65.0/62.2,40.4/5.2,94.4/1.9,8.8,54.1,8.2,~0.0,2.3,84.7/85.5,32.9/42.8,9.2/14.7,3.3,12.3,8.0,218.0,43.4,81.0,21.0,15.8,20.38,,,,,,,Liberia,"['Guinea', ""Côte d'Ivoire"", 'Sierra Leone']",['English'],LRD,.lr,±00:00,231
Libya,Northern Africa,6871,3.9,Tripoli,1160.9,14-Dec-55,1676198,101.9,Libyan Dinar (LYD),1.4,34377,17.9,5147.3,0.9,67.1,33.4,18.8,21.7,59.5,18.6,33.8/65.2,126,117,489,2450,- 1 961,11276,1.4,80.4,0.5,2.2,75.7/69.9,27.8/6.9,818.2/12.1,321.4,10.5,6.1,2.1,,106.6/111.3,106.0/90.2,,,16,21.8,75,0.1,2233,87,0,0.62,,41.5/6.5,34,,,,Libya,"['Algeria', 'Chad', 'Egypt', 'Niger', 'Sudan', 'Tunisia']",['Arabic'],LYD,.ly,+02:00,218
Liechtenstein,Western Europe,39,241.5,Vaduz,5-Jan-00,18-Sep-90,160,98.4,Swiss Franc (CHF),1,6796,2,179258.2,0.1,44.5,81.5,,,,2.6,53.5/70.6,,97,,,,,0.7,14.4,0.5,1.5,,14.9/22.7,25.5/67.0,0.2,,,,2.6,102.9/106.3,105.1/129.1,27.4/43.6,2.6,12,98.1,13,43.1,1,89,80.8,,,,85,,,0.5,Liechtenstein,"['Austria', 'Switzerland']",['German'],CHF,.li,+01:00,423
Lithuania,Northern Europe,2722,43.4,Vilnius,20-Jun-01,17-Sep-91,65286,86.2,Euro (EUR),0.9,53455,3.6,19082.5,3.2,28.4,55.8,6.6,25.9,67.4,6.3,56.2/67.6,118,131,33123,35612,- 2 489,2298,-1.5,67.9,-1.1,1.7,81.1/70.0,15.5/27.5,117.2/4.2,5.1,4,6.5,6.4,4,103.9/103.9,106.0/110.6,84.0/61.4,4.6,24.1,79.7,41,34.8,86,108,91.1,,0.9,10.8/3.8,2825,95.2/83.3,,0.13,Lithuania,"['Belarus', 'Latvia', 'Poland', 'Russia']",['Lithuanian'],EUR,.lt,+02:00,370
Luxembourg,Western Europe,626,241.7,Luxembourg,28-Apr-00,24-Oct-45,2586,102.3,Euro (EUR),0.9,70920,3.1,117369.5,0.3,13,87.6,1,11.5,87.5,5.2,55.1/63.7,115,103,15433,23057,- 7 623,3095,2,91.2,2.6,1.4,84.2/79.8,15.6/19.9,291.7/47.4,5.7,2.9,5.5,3,4,102.0/102.6,104.8/102.6,20.1/18.2,0.3,30,97.1,16,35.7,8,274,81.9,,1.2,8.6/14.5,1018,97.4/89.3,100.0/97.0,1,Luxembourg,"['Belgium', 'France', 'Germany']","['French', 'German', 'Luxembourgish']",EUR,.lu,+01:00,352
Madagascar,Eastern Africa,27691,47.6,Antananarivo,3210.4,20-Sep-60,587295,99.6,Malagasy Ariary (MGA),3627.3,13851,4.6,527.4,25.2,24.4,55.3,63.8,9.1,27.1,1.8,83.4/89.0,125,118,2689,3603,-914,80,2.7,37.9,4.7,4.1,68.1/64.9,40.1/5.0,34.9/0.1,0.2,29,5.5,0.2,2.8,143.1/142.0,37.1/36.0,5.2/5.5,,15.9,9.8,2910,21.4,272,13,25,5.92,~0.0,,291,,,,Madagascar,[],"['French', 'Malagasy']",MGA,.mg,+03:00,261
Malawi,Eastern Africa,19130,202.9,Lilongwe,1074.7,01-Dec-64,118484,97.3,Malawi Kwacha (MWK),733.7,7196,4,396.6,31,15.9,53.6,43.2,13.8,43,5.7,72.6/81.3,383,146,819,360,459,- 1 427,2.7,17.2,3.9,4.2,66.6/60.3,43.0/4.1,247.7/1.3,39.3,41.3,9.6,~0.0,4,143.1/141.8,39.9/40.6,0.6/1.0,1.8,22.9,13.8,130.0,33.4,68.0,5.0,73.7,18.1,,,871.0,,,,Malawi,"['Mozambique', 'Tanzania', 'Zambia']","['English', 'Chichewa']",MWK,.mw,+02:00,265
Malaysia,South-eastern Asia,32366,98.5,Kuala Lumpur,7780.3,17-Sep-57,330323,105.7,Malaysian Ringgit (MYR),4.1,358579,4.7,11373.3,7.6,38.8,68.1,10.1,26.8,63.1,3.4,50.9/77.2,121,123,238089,204906,33183,7590,1.3,76.6,2.7,2,78.1/74.0,23.4/11.0,3430.4/10.7,266.5,5.9,3.9,1.5,4.7,106.0/104.6,85.4/78.8,49.9/40.7,2.1,14.4,81.2,1662,67.6,3830,110,28.5,-0.01,1.4,211.0/6.7,25832,,,,Malaysia,"['Brunei', 'Indonesia', 'Thailand']","['Malay', 'English']",MYR,.my,+08:00,60
Maldives,Southern Asia,540,1801.8,Male,24-Jun-00,21-Sep-65,300,173.5,Rufiyaa (MVR),15.4,5327,6.9,10330.6,6.5,15,52.8,8.2,18.3,73.4,6.4,41.6/85.2,136,67,163,2883,- 2 720,- 1 388,3.4,40.2,3.9,1.9,80.4/77.1,19.6/5.7,69.2/13.0,,6.8,9,4.6,4.1,98.1/96.2,,59.8/16.6,0.7,4.6,63.2,80.0,3.3,0.0,43.0,0.0,2.45,,,1484.0,,,,Maldives,[],['Dhivehi'],MVR,.mv,+05:00,960
Mali,Western Africa,20251,16.6,Bamako,2529.3,28-Sep-60,1240192,100.4,"CFA Franc, BCEAO (XOF)",583.9,17172,6.7,900.1,39.9,20.5,49.2,62.3,7.6,30.2,7.3,61.2/80.6,110,171,879,8277,- 7 397,-836,3,43.1,5,5.9,59.5/58.0,47.0/3.9,468.2/2.4,182.9,65.8,3.8,0.1,3.1,71.6/79.5,37.0/45.0,2.7/6.3,,9.5,13,62,3.9,57,5,8.1,9.03,0.3,,193,9.1/25.5,,,Mali,"['Algeria', 'Burkina Faso', ""Côte d'Ivoire"", 'Guinea', 'Mauritania', 'Niger', 'Senegal']",['French'],XOF,.ml,±00:00,223
Malta,Southern Europe,442,1379.8,Valletta,30-Jul-00,01-Dec-64,315,100.6,Euro (EUR),0.9,14549,6.6,33122.8,1,12.7,84.6,0.9,18,81,3.4,45.9/66.8,113,90,4143,8211,- 4 068,1436,0.4,94.7,0.6,1.4,84.1/80.4,14.4/28.1,84.9/19.3,10.7,5,9.3,2.9,5.3,105.1/104.9,104.7/104.8,63.2/46.0,1.6,13.4,81.7,49,1.1,1,66,84.5,,0.6,1.5/3.3,2599,93.0/93.0,,0.21,Malta,[],"['Maltese', 'English']",EUR,.mt,+01:00,356
Malta,Southern Europe,442,1379.8,Valletta,30-Jul-00,01-Dec-64,315,100.6,Euro (EUR),0.9,14549,6.6,33122.8,1,12.7,84.6,0.9,18,81,3.4,45.9/66.8,113,90,4143,8211,- 4 068,1436,0.4,94.7,0.6,1.4,84.1/80.4,14.4/28.1,84.9/19.3,10.7,5,9.3,2.9,5.3,105.1/104.9,104.7/104.8,63.2/46.0,1.6,13.4,81.7,49,1.1,1,66,84.5,,0.6,1.5/3.3,2599,93.0/93.0,,0.21,Malta,[],['Italian'],EUR,.mt,+01:00,356
Marshall Islands,Micronesia,53,295.8,Majuro,30-Jan-00,17-Sep-91,181,104.5,US Dollar (USD),,214,2.6,3666.9,15.7,12.1,68.7,11,9.4,79.6,4.7,,,104,34,71,-37,53,0.1,77.4,0.8,4.1,72.5/71.3,39.0/5.5,3.3/5.6,,25.4,16.4,0.4,,84.6/84.9,66.6/62.4,23.8/23.5,,6.1,38.7,104.0,70.2,0.0,43.0,10.1,19.49,,,7.0,,,,Marshall Islands,[],['English'],USD,.mh,+12:00,692
Martinique,Caribbean,375,354,Fort-de-France,79.4,,1128,85.2,Euro (EUR),0.9,,,,,,,3.9,11.8,69,22.8,52.6/53.8,109,79,,,,,-0.2,89.1,-0.5,1.9,85.4/78.9,15.7/29.2,61.6/16.4,,5.6,,,,,,,2.8,,,62,45.8,1.0,,99.7,,,,537,,,,Martinique,,,EUR,.mq,−04:00,596
Mauritania,Western Africa,4650,4.5,Nouakchott,1259.0,27-Oct-61,1030700,100.9,Ouguiya (MRU),37.3,7620,3.6,1730.4,24.1,26.8,56.8,50.6,13.1,36.3,9.6,28.9/63.0,110,120,2301,3525,- 1 224,-973,2.8,54.5,4.8,4.6,66.2/63.0,39.7/5.1,173.0/3.8,87.3,53.4,4.4,0.2,2.6,102.8/97.1,37.1/36.5,3.3/6.6,,20.3,20.8,94,0.2,30,17,11.2,8.39,~0.0,,,,,,Mauritania,"['Algeria', 'Mali', 'Senegal']",['Arabic'],MRU,.mr,±00:00,222
Mauritius,Eastern Africa,1272,626.5,Port Louis,28-May-00,24-Apr-68,1969,97.4,Mauritius Rupee (MUR),36.6,14220,3.8,11222.0,3.2,20.1,77.3,5.9,25.1,69,6.7,45.1/71.7,130,92,1876,5601,- 3 725,-816,0.2,40.8,-0.1,1.4,78.2/71.4,16.8/18.4,28.8/2.3,~0.0,11.2,5.7,2.5,4.8,102.5/99.8,97.8/92.5,47.5/33.9,2.9,20,58.6,272,19,10,55,9.6,0.44,0.3,4.2/3.3,1399,,,,Mauritius,[],['English'],MUR,.mu,+04:00,230
Mayotte,Eastern Africa,273,727.5,Mamoudzou,6.2,,,96.8,Euro (EUR),0.9,,,,,,,,,,,,,,6,309,-303,,2.6,45.9,2,3.7,82.9/76.0,39.0/6.1,74.6/28.0,,4.2,,,,,,,5.9,,,102,15.6,0.0,,64.3,,,,,,,,Mayotte,,,EUR,.yt,+03:00,262
Mexico,Central America,128933,66.3,Mexico City,21671.9,07-Nov-45,1964375,95.8,Mexican Peso (MXN),18.8,1223401,2,9694.9,3.5,31.9,54.6,12.4,26.2,61.4,3.6,44.2/78.3,142,126,472273,467293,4980,- 2 444,1.1,80.4,1.8,2.1,77.8/72.1,25.8/11.2,1060.7/0.8,302.1,13.5,5.5,2.4,4.9,106.0/105.5,108.2/100.7,40.6/39.8,29.1,48.2,65.8,1656,34,6989,59,37.1,0.05,0.3,446.0/3.6,41313,52.3/...,,,Mexico,"['Belize', 'Guatemala', 'United States']",['Spanish'],MXN,.mx,"['−06:00', '−08:00', '−05:00', '−07:00']",52
Micronesia,Micronesia,115,164.3,Palikir,7-Jan-00,17-Sep-91,702,103.4,US Dollar (USD),1,371,1.4,3296.4,28,6.5,76.5,,,,,,112,101,1,8,-7,22,1.1,22.8,0.3,3.1,69.4/66.1,31.2/7.8,2.8/2.5,~0.0,23.5,12.4,0.2,12.5,96.0/98.3,86.6/79.9,,,0,35.3,170,91.8,0,20,~0.0,,,,19,,,,Micronesia,[],['Woleaian'],USD,.fm,,691
Monaco,Western Europe,39,26373.8,Monaco,38.9,28-May-93,2,94.7,Euro (EUR),0.9,7188.0,6.1,185835.0,,13.1,74.6,,,,,,,,,,,,0.5,100,0.6,,,12.7/31.2,26.5/68.0,~0.0,,1.8,7.5,1.5,,,,0,33.3,97.1,34,,,,,,~0.0,,347,100.0/...,100.0/...,,Monaco,['France'],['French'],EUR,.mc,+01:00,377
Mongolia,Eastern Asia,3278,2.1,Ulaanbaatar,1552.7,27-Oct-61,1564116,97.1,Tugrik (MNT),2734.3,13010,6.7,4103.7,12.2,42.8,59.5,26.9,19.5,53.6,6,53.1/66.1,120,161,7433,6039,1394,- 2 162,1.8,68.5,2.1,2.9,73.8/65.5,31.1/7.3,21.1/0.7,0.1,18.1,4,2.9,4.1,102.8/105.3,94.8/88.3,76.7/54.7,6.2,17.3,47.2,43,8.1,1311,128,41.7,2.88,0.1,19.3/6.3,529,,,,Mongolia,"[""People's Republic of China"", 'Russia']",['Mongolian'],MNT,.mn,"['+07:00', '+08:00']",976
Montenegro,Southern Europe,628,46.7,Podgorica,177.2,28-Jun-06,13812,97.8,Euro (EUR),0.9,5507,5.1,8771.7,8.2,19.5,55.6,7.8,19.2,73,14.8,46.6/62.7,117,66,459,2903,- 2 444,-837,~0.0,67.2,0.6,1.8,79.1/74.2,18.0/22.1,71.0/11.3,13.6,2.8,,2.8,,97.6/102.2,90.5/89.3,64.9/47.9,2.2,29.6,71.5,113,61.5,27,68,11.1,2.83,0.4,2.2/3.5,2077,29.8/...,93.8/...,,Montenegro,"['Albania', 'Bosnia and Herzegovina', 'Croatia', 'Serbia']","['Albanian', 'Croatian', 'Serbian']",EUR,.me,+01:00,382
Montserrat,Caribbean,5,52.4,Brades Estate,0.5,,103,106,E. Caribbean Dollar (XCD),2.7,64,3.7,12753.6,1.4,13.4,86.5,,,,5.6,,110,104,6,35,-28,-1,0.5,9.1,0.5,,,19.7/19.6,1.4/27.6,~0.0,,,,5.1,114.8/104.6,105.9/94.5,30.2/4.9,20.3,,54.6,62,25,,72,30.6,,,,9,,,,Montserrat,,,XCD,.ms,−04:00,1 664
Morocco,Northern Africa,36911,82.7,Rabat,1864.9,12-Nov-56,446550,98.5,Moroccan Dirham (MAD),9.6,117921,3.7,3272.9,13.9,29.4,60.8,34.1,21.8,44,9,21.4/69.9,111,122,29328,51075,- 21 747,- 4 915,1.3,63,2.4,2.4,77.5/75.1,26.8/11.9,98.6/0.3,9.1,19.9,5.2,0.7,5.3,111.5/116.1,76.6/83.7,35.7/36.2,1.4,20.5,64.8,238,12.6,89,24,53.8,0.7,0.7,58.1/1.6,12289,40.2/...,88.9/39.9,,Morocco,"['Algeria', 'Spain']","['Arabic', 'Tamazight']",MAD,.ma,+01:00,212
Mozambique,Eastern Africa,31255,39.7,Maputo,1104.3,16-Sep-75,799380,94.5,Mozambique Metical (MZN),61.5,14717,3.4,498.9,27.4,27.2,55.6,69.9,8.6,21.5,3.2,77.0/79.0,182,149,5878,8270,- 2 392,- 4 501,2.9,36.5,4.5,4.9,62.8/57.0,44.1/4.4,334.7/1.1,25.1,53.9,4.9,0.1,6.5,108.4/116.8,33.4/37.4,6.5/8.1,3.5,41.2,10,426,48.2,831,15,21.7,12.89,0.3,7.6/0.3,2743,.../16.3,,,Mozambique,"['Malawi', 'South Africa', 'Tanzania', 'Zambia', 'Zimbabwe', 'Eswatini']",['Portuguese'],MZN,.mz,+02:00,258
Myanmar,South-eastern Asia,54410,83.3,Nay Pyi Taw,546.5,19-Apr-48,676577,93,Kyat (MMK),1465.5,72745,6.2,1354.4,26.3,34.7,23.6,48.1,16.3,35.6,1.7,47.3/77.2,155,137,17997,18578,-581,- 2 137,0.6,30.9,1.5,2.2,69.8/63.7,25.5/10.0,76.0/0.1,883.5,38.4,4.7,0.7,2.2,109.7/114.8,71.3/65.6,22.0/15.6,2.3,11.1,30.7,357,44.5,1186,16,24.9,2.44,~0.0,30.4/0.6,3551,,,,Myanmar,"['Bangladesh', ""People's Republic of China"", 'India', 'Laos', 'Thailand']",['Burmese'],MMK,.mm,+06:30,95
Namibia,Southern Africa,2541,3.1,Windhoek,417.4,23-Apr-90,824116,94.1,Namibia Dollar (NAD),14.1,14519,-0.1,5930.1,7.6,31.1,84.8,21.8,16.4,61.8,20.6,56.6/63.6,158,93,6258,8086,- 1 828,-284,1.9,51,4.6,3.4,65.8/60.0,36.8/5.6,107.6/4.3,4.3,33.4,8.6,0.4,3.1,122.1/126.4,70.0/61.5,30.3/15.3,17.7,42.7,51,117,8.4,21,32,86.1,1.07,0.3,4.0/1.6,1499,,,,Namibia,"['Angola', 'Botswana', 'South Africa', 'Zambia']",['English'],NAD,.na,+02:00,264
Nauru,Micronesia,11,561.4,Yaren,11.3,14-Sep-99,21,101.9,Australian Dollar (AUD),1.4,127,-4,11875.9,2.4,37.5,42.3,,,,23,49.3/78.9,,114,,,,8,-0.1,100,2.3,3.9,64.8/57.8,39.5/4.0,2.1/19.7,1.2,18,11,1.3,4.9,123.2/129.7,83.6/81.9,,,10.5,57.0,86.0,0.0,0.0,55.0,0.0,21.49,,,,,,,Nauru,[],"['English', 'Nauruan']",AUD,.nr,+12:00,674
Nepal,Southern Asia,29137,203.3,Kathmandu,1376.1,14-Dec-55,147181,84.5,Nepalese Rupee (NPR),113.3,27830,6.7,990.6,28.1,14.9,59.4,64.5,15.3,20.2,1.5,82.9/85.2,128,140,588,4737,- 4 149,- 2 775,1.5,20.2,3.2,1.9,71.7/68.8,28.8/8.7,490.8/1.7,19.3,27.9,5.6,0.7,5.2,143.5/140.8,83.0/77.4,12.8/12.0,2.3,32.7,34,109,25.4,438,19,50.7,5,0.3,10.1/0.3,1173,,34.1/25.6,,Nepal,"[""People's Republic of China"", 'India']",['Nepali'],NPR,.np,+05:45,977
Netherlands,Western Europe,17135,508.2,Amsterdam,1140.3,10-Dec-45,41542,99.3,Euro (EUR),0.9,914105,2.6,53583.1,1.8,20,71.9,2,15.8,82.2,3,58.1/68.7,116,118,577617,514513,63103,92805,0.2,91.9,1,1.7,83.8/80.3,15.7/26.6,2282.8/13.4,109.1,2.5,10.1,3.6,5.5,104.2/104.2,136.5/134.7,90.9/79.3,0.6,33.3,94.7,71,11.2,1748,181,97.9,,2.2,155.6/9.1,18780,97.5/97.4,,0.6,Netherlands,"['Belgium', 'Germany', 'France']",['Dutch'],EUR,.nl,+01:00,31
New Caledonia,Melanesia,286,15.6,NoumÈa,197.8,,18575,101.1,CFP Franc (XPF),106.2,10174,1.6,36334.8,2,24.6,74.6,1.9,20.7,77.5,12.8,57.5/68.2,110,105,1674,2951,- 1 277,-654,1,71.1,2.1,2,80.2/74.7,22.1/14.2,72.5/25.7,,11.5,,,,,,,3.2,,82.0,759.0,45.9,2.0,246.0,36.4,,,,120.0,,,,New Caledonia,,,XPF,.nc,+11:00,687
New Zealand,Oceania,4822,18.3,Wellington,413,24-Oct-45,268107,96.7,New Zealand Dollar (NZD),1.5,207921,2.8,43836.2,5.8,22.5,72.2,5.6,19.4,75.1,4,64.7/75.2,114,117,39540,42271,- 2 731,- 5 966,0.9,86.6,1.1,1.9,83.8/80.3,19.4/22.2,1068.7/22.3,2.6,3.8,9.2,3.6,6.4,100.2/99.8,118.2/111.1,97.2/67.9,0.7,40.8,90.8,261,38.6,758,203,46.4,,1.4,32.2/6.7,3686,,,0.23,New Zealand,[],"['English', 'Maori', 'New Zealand Sign Language']",NZD,.nz,+12:00,64
Nicaragua,Central America,6625,55,Managua,1055.5,24-Oct-45,130373,97.2,Cordoba Oro (NIO),33.8,13118,-3.8,2028.9,16.9,28.2,54.6,30.6,15.6,53.8,7.4,49.9/84.2,163,132,3998,8426,- 4 429,83,1.2,58.8,1.5,2.4,77.7/70.6,29.5/8.7,42.2/0.6,0.8,16.8,8.6,1,4.3,120.1/121.1,78.0/69.1,,7.2,47.2,27.9,161,25.9,93,27,70.4,2.76,0.1,5.1/0.8,1256,,67.4/29.5,,Nicaragua,"['Costa Rica', 'Honduras']",['Spanish'],NIO,.ni,−06:00,505
Niger,Western Africa,24207,19.1,Niamey,1251.5,20-Sep-60,1267000,101.1,"CFA Franc, BCEAO (XOF)",583.9,12821,7,571.3,40.7,19.2,49.4,74.8,7.2,18,0.5,60.3/83.5,102,173,232,1127,-895,- 1 625,3.8,16.5,3.9,7,63.0/60.7,49.7/4.1,294.2/1.3,411.2,46.3,7.7,~0.0,3.5,69.2/80.1,20.7/27.7,2.6/6.2,4.4,17,5.3,37,0.9,98,4,33.1,13.24,,2.0/0.1,157,23.4/6.9,,,Niger,"['Algeria', 'Benin', 'Burkina Faso', 'Chad', 'Libya', 'Mali', 'Nigeria']",['French'],XOF,.ne,+01:00,227
Nigeria,Western Africa,206140,226.3,Abuja,3095.1,07-Oct-60,923768,102.8,Naira (NGN),307,421821,1.9,2153.5,21.4,26,50.7,34.7,12.2,53.1,8,47.6/57.8,268,119,79964,72765,7199,5334,2.6,51.2,4.6,5.4,55.1/53.3,43.5/4.5,1256.4/0.6,2211.1,62.1,3.8,0.4,,82.2/87.2,39.8/44.1,8.3/12.0,34.5,3.4,42,380,7.7,10402,34,80.4,0.87,0.1,86.0/0.4,1889,29.5/23.9,24.6/15.7,,Nigeria,"['Benin', 'Cameroon', 'Chad', 'Niger']",['English'],NGN,.ng,+01:00,234
Niue,Polynesia,2,6.3,Alofi,0.7,,260,100,New Zealand Dollar (NZD),1.5,,,,,,,,,,,,,101,,,,,0.1,45.5,1.9,2.6,76.3/70.1,22.8/20.1,0.6/36.4,,8.1,8.6,1.9,,126.9/127.5,109.4/89.5,,,,79.6,56,69.6,0,60,0,,,,10,,,,Niue,,,NZD,.nu,−11:00,683
North Macedonia,Southern Europe,2083,82.6,Skopje,589.8,08-Apr-93,25713,100.1,Denar (MKD),55,12629,3.3,6062.9,8.4,27.4,54.8,15.1,31.4,53.5,16.4,43.0/67.2,113,123,7186,9470,- 2 284,-353,~0.0,58.2,0.2,1.5,77.6/73.6,16.3/20.7,131.2/6.3,17.6,10.7,6.1,2.9,,97.1/97.2,80.3/82.5,48.6/36.7,1.2,40,79.2,133,39.6,53,57,26,1.4,0.4,7.4/3.6,707,8.2/...,89.9/68.8,,North Macedonia,"['Albania', 'Bulgaria', 'Greece', 'Serbia']","['Macedonian', 'Albanian']",MKD,.mk,+01:00,389
Northern Mariana Islands,Micronesia,55,120.3,Garapan,4,,457,107.1,US Dollar (USD),,,,,,,,,,,11.2,66.6/77.6,,,1895,5734,- 3 838,,0.2,91.7,0.2,1.6,77.9/74.9,23.5/10.0,21.8/38.1,,6.4,,,,,,,,,,105.0,64.1,,,40.6,,,,517.0,,,,Northern Mariana Islands,,,USD,.mp,+10:00,1 670
Norway,Northern Europe,5421,14.8,Oslo,1026.8,27-Nov-45,386194,102.2,Norwegian Krone (NOK),8.8,434167,1.3,81335.7,2.3,39,54.4,2,19.1,78.9,3.3,60.3/67.0,120,107,104030,86145,17885,16065,0.8,82.6,1.7,1.7,84.2/80.2,17.3/23.3,867.8/16.1,59.9,2.1,10.4,2.9,8,100.2/100.3,114.2/119.4,98.7/66.3,0.5,41.4,96.5,115,33.2,8923,233,57.7,,2.1,34.8/6.6,5688,,,0.99,Norway,"['Finland', 'Sweden', 'Russia']","['Norwegian', 'Sami']",NOK,.no,+01:00,47
Oman,Western Asia,5107,16.5,Muscat,1501.6,07-Oct-71,309500,194.1,Rial Omani (OMR),0.4,92111,2.1,19072.8,2.2,48.6,66.1,4.4,32.8,62.7,2.6,31.0/90.4,114,144,38723,23383,15340,- 4 347,3.6,85.4,8,2.9,80.0/75.8,22.5/4.3,2286.2/46.0,0.6,7.3,3.8,2,6.8,108.6/98.6,102.5/111.0,55.6/26.4,0.3,2.3,80.2,112,~0.0,3242,238,11.8,-0.04,0.2,65.5/14.1,2301,,,,Oman,"['Saudi Arabia', 'United Arab Emirates', 'Yemen']",['Arabic'],OMR,.om,+04:00,968
Pakistan,Southern Asia,220892,286.5,Islamabad,1095.1,30-Sep-47,796095,106,Pakistan Rupee (PKR),154.9,282346,5.4,1330.4,24,19.3,66.7,35.9,25.8,38.3,4.4,22.2/81.7,182,128,23759,50047,- 26 288,- 7 143,2,36.9,2.7,3.6,68.0/66.1,34.8/6.7,3258.0/1.5,1518.4,61.3,2.9,1,2.9,86.1/102.0,39.1/45.9,8.3/9.6,3.9,20.2,15.5,155,1.9,2175,22,34.8,0.42,0.2,183.4/0.9,966,,40.0/32.6,,Pakistan,"['Afghanistan', 'India', 'Iran', ""People's Republic of China""]","['English', 'Urdu']",PKR,.pk,+05:00,92
Palau,Micronesia,22,48.8,Melekeok,11.4,15-Dec-94,459,113.3,US Dollar (USD),1,284,1.7,15859.4,3.5,8.8,81.6,2.4,11.8,85.9,4.2,58.1/75.4,118,,8,169,-161,-52,1.1,80.5,1.7,2.2,77.8/68.1,20.3/13.1,5.1/28.1,~0.0,13.3,12,1.4,,105.2/119.6,122.9/110.8,66.4/43.9,11.2,12.5,,189.0,87.6,0.0,182.0,44.0,27.99,,,106.0,,,,Palau,[],"['English', 'Palauan']",USD,.pw,+09:00,680
Panama,Central America,4315,58,Panama City,1821.7,13-Nov-45,75320,100.2,Balboa (PAB),1,65055,3.7,15575.1,2.3,30.2,50.4,13.7,18.8,67.5,3.8,53.4/79.8,122,112,713,12836,- 12 123,- 3 500,1.7,68.1,2.2,2.5,81.5/75.1,26.5/12.2,185.1/4.4,113.5,14.1,7.3,1.6,3.2,93.4/95.4,78.3/74.1,58.6/37.3,9.4,22.5,57.9,400,62.3,42,48,34.4,0.06,0.1,9.6/2.3,1785,,,,Panama,"['Colombia', 'Costa Rica']",['Spanish'],PAB,.pa,−05:00,507
Papua New Guinea,Melanesia,8947,19.8,Port Moresby,374.5,10-Oct-75,462840,104.3,Kina (PGK),3.4,23077,~0.0,2681.4,19.5,30.5,53.5,57.8,6.7,35.5,2.5,46.0/47.9,151,122,11798,3130,8669,5451,2,13.2,2.2,3.6,65.4/62.9,35.1/6.0,31.2/0.4,9.9,41.9,2.5,0.1,,103.6/113.2,39.9/54.7,,9.8,0,11.2,585,74.1,232,20,6.9,3.5,~0.0,,140,,,,Papua New Guinea,['Indonesia'],"['English', 'Hiri Motu', 'PNG Sign Language', 'Tok Pisin']",PGK,.pg,"['+11:00', '+10:00']",675
Paraguay,South America,7132,18,AsunciÛn,3279.2,24-Oct-45,406752,103.3,Guarani (PYG),6453.1,40307,4,5794.6,11,37.2,55.6,19.9,17.9,62.1,4.8,59.4/84.5,144,164,12425,12360,64,-447,1.3,61.9,1.8,2.4,76.2/72.1,28.9/9.9,160.5/2.3,4.3,19,6.7,1.4,3.4,103.0/105.7,78.6/73.3,40.9/28.6,7.1,16.2,65,67,38.6,338,42,36.3,0.41,0.1,7.7/1.1,1181,53.6/66.2,72.2/50.7,,Paraguay,"['Argentina', 'Bolivia', 'Brazil']","['Spanish', 'Guaraní']",PYG,.py,−04:00,595
Peru,South America,32972,25.8,Lima,10554.7,31-Oct-45,1285216,98.7,Sol (PEN),3.3,222237,4,6947.3,7.5,33.9,59.5,27.2,15.3,57.5,3.2,70.6/85.5,130,150,46132,42376,3755,- 3 594,1.6,78.1,1.6,2.3,79.2/73.7,24.7/12.5,782.2/2.4,860.1,12.8,5,1.3,3.9,105.1/108.8,103.6/109.3,72.7/68.7,7.9,30,52.5,819,57.8,912,30,29.1,0.21,0.1,49.7/1.5,4419,51.2/...,58.8/20.8,,Peru,"['Bolivia', 'Brazil', 'Chile', 'Colombia', 'Ecuador']","['Spanish', 'Aymara', 'Quechua']",PEN,.pe,−05:00,51
Philippines,South-eastern Asia,109581,367.5,Manila,13698.9,24-Oct-45,300000,100.9,Philippine Piso (PHP),50.7,330910,6.2,3102.7,9.3,30.8,63.9,22.5,19.8,57.6,2.2,46.2/73.2,120,113,70927,117247,- 46 321,-464,1.4,47.1,2.1,2.6,75.3/67.1,30.0/8.6,218.5/0.2,226.8,19.7,4.4,0.6,2.7,105.5/109.4,90.6/82.0,40.4/30.8,6.5,28,60.1,884,27,1098,22,40.1,0.14,0.2,126.5/1.2,7168,54.0/49.6,61.5/33.7,,Philippines,[],"['English', 'Filipino', 'Filipino Sign Language']",PHP,.ph,+08:00,63
Poland,Eastern Europe,37847,123.6,Warsaw,1775.9,24-Oct-45,312679,94,Zloty (PLN),3.8,585661,5.1,15444.0,2.4,32.7,62.9,8.9,32,59.1,3,48.3/65.1,114,113,251865,246654,5211,2776,-0.1,60,-0.2,1.4,82.4/74.5,15.2/25.9,656.0/1.7,26.5,3.3,6.5,2.4,4.6,100.0/100.0,108.1/111.7,81.9/54.4,0.7,28.7,77.5,95,30.8,2690,115,87.3,,1.2,305.8/8.0,19622,,,0.13,Poland,"['Belarus', 'Czech Republic', 'Germany', 'Lithuania', 'Russia', 'Slovakia', 'Ukraine']",['Polish'],PLN,.pl,+01:00,48
Portugal,Southern Europe,10197,111.3,Lisbon,2942.1,14-Dec-55,92226,89.8,Euro (EUR),0.9,240792,2.4,23477.7,2.4,22.2,60.9,5.7,24.6,69.8,5.9,53.8/63.6,111,108,67012,89929,- 22 917,-236,-0.3,65.8,0.5,1.3,84.6/78.7,13.1/29.4,888.2/8.7,3,3,9,5.1,4.9,104.4/107.9,118.7/121.1,67.7/60.1,0.8,40,74.7,465,34.7,220,92,73.3,,1.4,50.8/4.9,16186,92.7/...,,0.18,Portugal,['Spain'],['Portuguese'],EUR,.pt,"['±00:00', '−01:00']",351
Puerto Rico,Caribbean,2861,322.5,San Juan,2451.4,,8868,90,US Dollar (USD),,101131,-4.9,33271.2,0.8,49.9,48.4,1,15.5,83.5,8.4,30.9/46.9,107,102,,,,,-3.3,93.6,-0.3,1.2,83.3/76.2,15.8/27.7,266.8/9.1,,5.5,,,6.1,82.8/83.2,85.4/78.7,116.2/79.8,21.1,,70.6,146,55.9,1,16,32.8,,0.4,,3068,,,,Puerto Rico,,,USD,.pr,−04:00,1 787 1 939
Qatar,Western Asia,2881,248.2,Doha,637.3,21-Sep-71,11607,302.4,Qatari Rial (QAR),3.6,191362,1.5,68793.7,0.2,58.8,46.6,1.2,54.4,44.5,0.1,56.8/95.1,108,166,72935,29178,43757,4229,2.3,99.2,6.7,1.9,81.8/78.9,13.6/3.6,2229.7/78.7,1.5,6.3,2.6,2.5,2.9,104.4/103.3,102.7/108.3,54.9/7.0,0.4,9.8,99.7,50,0,9387,681,40,,0.5,80.1/30.4,1819,,,,Qatar,['Saudi Arabia'],['Arabic'],QAR,.qa,+03:00,974
South Korea,Eastern Asia,51269,527.3,Seoul,9962.4,17-Sep-91,100284,100.2,South Korean Won (KRW),1157.8,1720489,2.7,33621.9,2,37.3,72.1,4.8,25,70.2,4.6,52.8/73.1,115,103,542172,503263,38909,59971,0.2,81.4,0.3,1.1,85.7/79.6,12.5/23.2,1163.7/2.3,27.7,2.1,7.6,2.4,,98.0/98.2,100.0/100.6,82.8/104.8,0.6,17.3,96,136,63.4,2028,232,37.5,,4.8,600.0/11.7,15347,,,0.14,South Korea,['North Korea'],"['Korean', 'Korean Sign Language']",KRW,.kr,+09:00,82
Moldova,Eastern Europe,4034,122.8,Chisinau,504.3,02-Mar-92,33846,91.9,Moldovan Leu (MDL),17.2,11309,2.8,2791.0,11.8,26.6,57.8,35.4,17.1,47.5,5.4,40.0/45.8,166,111,2779,5842,- 3 063,- 1 159,-0.2,42.7,-0.2,1.3,75.9/67.4,15.9/18.9,104.7/2.6,4.2,12.4,7,3.2,6.7,90.6/90.6,86.5/87.3,45.7/34.2,4.1,24.8,76.1,33,12.4,37,28,0,1.94,0.3,7.5/2.1,160,77.9/...,,,Moldova,"['Romania', 'Ukraine']",['Romanian'],MDL,.md,+02:00,373
Reunion,Eastern Africa,895,358.1,Saint-Denis,147.2,,2513,93.8,Euro (EUR),0.9,,,,,,,4.3,12.7,81.7,28.9,49.1/61.3,108,102,,,,,0.7,99.6,0.9,2.3,83.8/77.3,22.4/18.3,129.2/14.5,,2.7,,,,,,,1.8,,,145,35.1,8.0,,47.1,,,,535,,,,Reunion,,,EUR,.re,+04:00,262
Romania,Eastern Europe,19238,83.6,Bucharest,1812.3,14-Dec-55,238391,94.6,Romanian Leu (RON),4.3,239552,4,12280.8,4.8,32,61.4,21.3,30.1,48.6,3.9,44.9/64.4,124,95,77299,96644,- 19 346,- 11 384,-0.7,54.1,-0.5,1.6,79.3/72.4,15.5/25.9,462.6/2.4,4.8,6.7,5.2,3,3.1,84.6/85.7,91.4/91.1,55.4/43.8,1.3,21.9,70.7,140,29.8,1071,71,76,,0.5,70.8/3.6,11720,,,0.11,Romania,"['Bulgaria', 'Hungary', 'Moldova', 'Serbia', 'Ukraine']",['Romanian'],RON,.ro,+02:00,40
Russia,Eastern Europe,145934,8.9,Moscow,12476.2,24-Oct-45,17098246,86.4,Russian Ruble (RUB),61.9,1660514,2.3,11394.1,3.5,35.9,52.4,5.6,26.6,67.8,4.4,54.4/69.8,181,139,426720,247161,179559,64607,0.1,74.6,0.2,1.8,77.5/66.8,18.4/22.4,11640.6/8.0,135.5,5.8,5.3,3.7,3.7,102.3/102.8,102.1/104.7,89.1/75.0,8.2,15.8,80.9,279,49.8,59485,217,25.1,,1,1536.9/10.6,24551,63.4/55.2,,0.08,Russia,"['Azerbaijan', 'Belarus', ""People's Republic of China"", 'Estonia', 'Finland', 'Georgia', 'Kazakhstan', 'North Korea', 'Latvia', 'Lithuania', 'Mongolia', 'Norway', 'Poland', 'Ukraine']",['Russian'],RUB,.ru,"['+12:00', '+05:00', '+07:00', '+04:00', '+08:00', '+09:00', '+10:00', '+03:00', '+02:00', '+11:00', '+06:00']",7
Rwanda,Eastern Africa,12952,525,Kigali,1094.8,18-Sep-62,26338,96.7,Rwanda Franc (RWF),922.5,9510,8.6,773,31.2,17.4,62.8,61.7,9.1,29.2,1,84.0/83.3,141,140,992,3214,- 2 221,-746,2.6,17.3,2.6,4.1,70.5/66.3,39.5/5.1,539.9/4.3,150.1,29.2,6.6,0.1,3.1,132.1/134.0,43.3/38.5,6.0/7.5,2.6,61.2,21.8,168,19.5,86,8,51.7,12.02,0.7,,932,,43.4/...,,Rwanda,"['Burundi', 'Democratic Republic of the Congo', 'Tanzania', 'Uganda']","['English', 'French', 'Kinyarwanda', 'Swahili']",RWF,.rw,+02:00,250
Saint Helena,Western Africa,4,10.6,Jamestown,0.6,,308,,Saint Helena Pound (SHP),0.8,,,,,,,7.3,20,72.7,2,,,,~0,71,-71,,0.5,39.9,-0.7,,,,0.4/7.1,,,,,,,,,0,,37.6,173,5.1,0,26,,,,,,,,,Saint Helena,,,SHP,.sh,±00:00,290
Saint Kitts and Nevis,Caribbean,57,218.5,Basseterre,14.4,23-Sep-83,261,97,E. Caribbean Dollar (XCD),2.7,1011,2.9,19275.4,1.2,27.7,87.3,,,,,,105,39,63,338,-275,-72,0.9,30.8,0.8,,,,7.6/14.4,~0.0,,5,2.7,2.6,107.1/110.4,108.7/105.1,115.9/57.7,36.1,20,80.7,57,42.3,0,63,56.8,3.6,,,125,,,,Saint Kitts and Nevis,[],['English'],XCD,.kn,−04:00,1 869
Saint Lucia,Caribbean,184,301,Castries,22.3,18-Sep-79,539,97,E. Caribbean Dollar (XCD),2.7,1922,0.9,10566.0,1.8,11.6,88.7,17,18.3,64.7,20.2,59.7/74.9,110,65,55,598,-543,103,0.5,18.8,0.6,1.4,77.4/74.7,18.0/14.9,8.4/4.6,~0.0,12.5,4.5,0.6,3.8,103.2/102.1,89.4/89.3,18.7/9.4,21.4,16.7,50.8,69.0,33.3,0.0,29.0,45.6,0.49,,,395.0,,,,Saint Lucia,[],['English'],XCD,.lc,−04:00,1 758
Saint Pierre and Miquelon,Northern America,6,27.9,Saint-Pierre,5.7,,242,98.2,Euro (EUR),0.9,,,,,,,,,,,,,115,1112,3870,- 2 758,,0.4,89.9,0.1,,,19.1/17.8,1.0/17.0,,,,,,,,,15.8,,,19.0,12.2,0.0,171.0,,,,,,,,,Saint Pierre and Miquelon,,,EUR,.pm,−03:00,508
Saint Vincent and The Grenadines,Caribbean,111,284.5,Kingstown,26.6,16-Sep-80,389,102.7,E. Caribbean Dollar (XCD),2.7,811,2.2,7361.3,8.6,17.8,78,10.5,19.9,69.5,18.9,54.4/76.9,110,110,37,335,-298,-99,0.3,52.6,0.8,1.9,74.9/70.1,21.9/14.7,4.7/4.2,,14.6,4.5,0.7,5.8,112.7/114.1,108.7/105.9,29.8/17.8,36.5,13,22.4,65.0,69.2,0.0,35.0,43.0,2.08,,,80.0,,,,Saint Vincent and The Grenadines,[],['English'],XCD,.vc,−04:00,1 784
Samoa,Polynesia,198,70.1,Apia,36.1,15-Dec-76,2842,107.3,Tala (WST),2.6,833,0.7,4249.6,9.4,14.6,51.2,29.9,23.3,46.9,8.4,31.0/55.2,118,118,32,390,-358,20,0.5,18.1,-0.4,3.9,75.2/71.1,37.2/8.0,4.0/2.0,~0.0,13.4,5.5,0.3,4.1,110.4/110.6,98.0/88.8,,3.1,10,33.6,100,60.4,1,25,13.7,14.49,,,164,37.7/50.9,,,Samoa,[],['English'],WST,.ws,+13:00,685
San Marino,Southern Europe,34,563.5,San Marino,4.5,02-Mar-92,61,94.9,Euro (EUR),0.9,1638,1.1,48472.7,0,34.7,86.8,0.3,34.3,65.4,6.6,,112,,,,,,0.5,97.4,1.4,,86.4/81.7,15.0/24.1,5.5/16.3,,,7.4,6.1,3,116.9/100.4,63.8/71.5,36.0/48.6,0,31.7,60.2,2.0,0.0,,,,,,,84.0,,,,San Marino,['Italy'],['Italian'],EUR,.sm,+01:00,378
Sao Tome and Principe,Middle Africa,219,228.3,Sao Tome,80.1,16-Sep-75,964,100.2,Dobra (STN),21.9,411,2.2,1948.1,11.3,15.4,46.1,18.7,18.4,62.9,13.7,41.2/74.0,185,109,14,165,-151,-75,1.9,73.6,3.8,4.4,72.4/67.7,41.8/5.0,2.2/1.0,,26.4,6.2,0.1,4.9,105.0/108.5,95.9/82.9,13.7/13.1,3.3,14.6,29.9,108.0,55.8,1.0,14.0,79.5,10.88,,,33.0,,,,Sao Tome and Principe,[],['Portuguese'],STN,.st,±00:00,239
Saudi Arabia,Western Asia,34814,16.2,Riyadh,7070.7,24-Oct-45,2206714,137.1,Saudi Riyal (SAR),3.8,782483,2.2,23217.2,2.2,49.6,57.4,2.3,24.8,72.9,5.9,22.3/78.7,117,106,259208,136472,122736,49842,1.9,84.1,3.1,2.3,76.5/73.7,24.7/5.9,13122.3/38.3,72.5,6.3,5.8,2.6,5.1,100.3/99.2,106.8/113.2,69.9/66.3,1.3,19.9,93.3,144,0.5,27155,272,22,-0.03,0.8,532.2/16.2,15334,,,,Saudi Arabia,"['Iraq', 'Jordan', 'Kuwait', 'Oman', 'Qatar', 'United Arab Emirates', 'Yemen']",['Arabic'],SAR,.sa,+03:00,966
Senegal,Western Africa,16744,87,Dakar,3057.1,28-Sep-60,196712,95.3,"CFA Franc, BCEAO (XOF)",583.9,23809,6.8,1501.7,17.3,25.7,55.4,29.4,13.6,56.9,6.7,35.1/57.4,104,145,4175,8143,- 3 969,- 2 215,2.8,47.7,3.9,4.6,69.4/65.3,42.6/4.8,275.2/1.7,16.2,32.7,4.1,0.1,4.8,86.1/75.9,45.7/41.7,10.3/15.2,0.3,43,46,145,43,67,11,37.8,4.25,0.6,8.3/0.5,1365,21.9/21.1,,,Senegal,"['The Gambia', 'Guinea', 'Guinea-Bissau', 'Mali', 'Mauritania']",['French'],XOF,.sn,±00:00,221
Serbia,Southern Europe,8737,99.9,Belgrade,1393.7,01-Nov-00,88499,96,Serbian Dinar (RSD),104.9,50597,4.4,7208.8,7.7,30.8,79.2,15.1,27.4,57.6,12.7,47.3/62.6,144,105,19630,26730,- 7 100,- 3 536,-0.3,56.3,-0.1,1.5,78.4/73.2,15.4/25.3,820.3/9.4,250.7,4.9,8.4,3.1,4,100.3/100.3,95.6/94.6,78.3/56.7,1.2,37.6,73.4,86,31.1,438,93,26.1,2.23,0.9,46.1/6.6,1711,23.2/...,81.3/66.4,,Serbia,"['Bosnia and Herzegovina', 'Bulgaria', 'Croatia', 'Hungary', 'Montenegro', 'North Macedonia', 'Romania']",['Serbian'],RSD,.rs,+01:00,381
Seychelles,Eastern Africa,98,213.8,Victoria,28.1,21-Sep-76,457,105.3,Seychelles Rupee (SCR),14.1,1590,7.9,16377.9,2.4,13.4,53.2,3.6,17.9,78.2,4.1,61.9/68.3,130,99,824,1438,-614,-278,0.7,57.1,1.3,2.5,77.3/69.8,23.8/13.0,12.9/13.2,~0.0,10.9,5,2.1,4.4,103.3/97.6,84.2/78.8,23.3/11.2,12.5,21.2,58.8,451.0,88.4,0.0,86.0,28.6,1.17,0.2,,362.0,,,,Seychelles,[],"['English', 'French', 'Seychellois Creole']",SCR,.sc,+04:00,248
Sierra Leone,Western Africa,7977,110.5,Freetown,1168.4,27-Sep-61,72300,99.6,Leone (SLL),9716.7,4101,4.6,536.1,61,5.5,51.9,54.4,6.5,39.1,4.4,57.2/58.4,234,195,44,741,-697,-646,2.1,42.5,3.3,4.3,54.8/53.2,40.3/4.6,54.3/0.7,0.4,80.8,13.4,~0.0,4.6,114.7/110.8,41.1/42.5,,1.7,12.3,9,236,42.2,55,9,57.3,13.37,,,57,20.3/8.4,12.1/8.3,,Sierra Leone,"['Guinea', 'Liberia']",['English'],SLL,.sl,±00:00,232
Singapore,South-eastern Asia,5850,8357.6,Singapore,5868.1,21-Sep-65,719,109.8,Singapore Dollar (SGD),1.3,361115,3.2,62720.9,0,26.1,80.1,0.7,15.2,84.1,4.4,61.8/78.2,114,115,390332,358975,31357,63139,0.9,100,1.7,1.2,85.5/81.2,12.3/20.9,2155.7/37.1,1.3,1.6,4.4,2.3,2.9,100.6/100.7,107.0/108.1,91.2/78.9,0.2,24,88.2,326,23.1,28,204,21.1,,1.9,47.4/8.4,14673,100.0/...,100.0/...,,Singapore,[],"['English', 'Malay', 'Mandarin', 'Tamil']",SGD,.sg,+08:00,65
Sint Maarten,Caribbean,41,1216.6,Philipsburg,40.6,,34,95.7,Neth. Ant. Guilder (ANG),1.8,980,-8.5,23366.7,0.1,9.9,76.8,,,,,,,,,,,64,1.3,100,3.1,,77.1/69.2,21.0/10.4,28.3/66.7,0.1,,,,,128.9/127.5,88.5/92.7,9.0/2.6,,,,58.0,,,292.0,5.1,,,,178.0,,,,Sint Maarten,,,ANG,.sx,−04:00,1 721
Slovakia,Eastern Europe,5460,113.5,Bratislava,432.5,19-Jan-93,49035,94.9,Euro (EUR),0.9,105956,4,19430.8,2.6,33.6,64.5,2.1,36.1,61.8,5.1,52.0/67.1,115,98,90050,90979,-930,- 3 019,0.1,53.7,-0.2,1.5,80.8/73.7,15.6/23.3,188.0/3.4,2.5,4.8,6.7,3.4,3.9,98.4/99.0,91.6/90.5,56.6/37.1,1.1,20.7,80.7,116,40.3,265,132,85.8,,0.8,32.2/5.9,2256,88.4/75.7,,0.13,Slovakia,"['Austria', 'Czech Republic', 'Hungary', 'Poland', 'Ukraine']",['Slovak'],EUR,.sk,+01:00,421
Slovenia,Southern Europe,2079,103.2,Ljubljana,286.5,22-May-92,20273,99.2,Euro (EUR),0.9,54034,4.1,26005.1,2.4,32.7,67.8,5.1,33.5,61.5,3.8,53.0/62.8,111,88,37557,38179,-622,3525,0.1,54.8,0.7,1.6,83.8/78.2,15.1/27.7,253.1/12.2,1.2,1.9,8.2,3.1,4.8,100.6/100.2,117.1/114.2,93.0/64.9,0.5,27.8,79.8,175,62,153,139,88.7,,1.9,13.4/6.5,4425,,,0.16,Slovenia,"['Austria', 'Croatia', 'Italy', 'Hungary']",['Slovene'],EUR,.si,+01:00,386
Solomon Islands,Melanesia,687,24.5,Honiara,81.8,19-Sep-78,28896,103.4,Solomon Is. Dollar (SBD),8.2,1271,3.9,1946.9,25.4,15.2,51.5,37.1,9.6,53.4,0.5,82.0/85.5,131,113,611,348,263,-142,2.6,24.2,4.3,4.4,74.6/71.1,40.0/5.6,2.5/0.4,~0.0,15.5,4.7,0.2,9.9,106.0/106.4,47.0/49.5,,3.8,6.1,11.9,256.0,78.1,3.0,12.0,4.4,14.64,,,28.0,,,,Solomon Islands,[],['English'],SBD,.sb,+11:00,677
Somalia,Eastern Africa,15893,25.3,Mogadishu,2179.9,20-Sep-60,637657,99.4,Somali Shilling (SOS),23605.0,1494,3.1,99.6,60.2,7.4,37.3,83,3.5,13.4,11.4,21.8/73.7,,108,1179,549,630,,2.8,45.6,4.8,6.1,58.7/55.3,46.1/4.6,52.1/0.3,2694.7,69.3,,~0.0,,16.6/30.1,3.7/8.1,,,24.4,2.0,199.0,10.1,139.0,10.0,0.0,33.61,,,,,,,Somalia,"['Djibouti', 'Ethiopia', 'Kenya']",['Arabic'],SOS,.so,+03:00,252
South Africa,Southern Africa,59309,48.9,Pretoria,2472.6,07-Nov-45,1221037,97.1,Rand (ZAR),14,368094,0.8,6369.2,2.4,29,61.8,5,22.7,72.3,28.5,49.7/62.6,159,117,89396,88037,1358,- 10 667,1.4,66.9,2.2,2.4,67.1/60.2,28.8/8.5,4224.3/7.2,273.5,27.2,8.1,0.9,6.2,99.1/102.6,109.0/100.4,26.4/18.4,36.4,46.4,56.2,597,7.6,6653,104,32.5,0.26,0.8,421.7/7.4,10472,,81.9/...,,South Africa,"['Botswana', 'Lesotho', 'Mozambique', 'Namibia', 'Zimbabwe', 'Eswatini']","['Afrikaans', 'English', 'Southern Ndebele', 'Sotho', 'Northern Sotho', 'Swazi', 'Tsonga', 'Tswana', 'Venda', 'Xhosa', 'Zulu']",ZAR,.za,+02:00,27
South Sudan,Eastern Africa,11194,18.3,Juba,385.8,14-Jul-11,658841,100.2,S. Sudanese Pound (SSP),161.1,8207,3.4,747.7,1.9,55.3,52.1,56.1,14.1,29.7,12.3,71.0/73.8,4584,,1091,1238,-147,-316,0.9,19.9,4.4,4.7,58.9/56.0,41.3/5.2,865.6/7.8,2189.6,64.4,9.8,,1,60.4/85.3,7.7/14.3,,14.9,28.5,8,61,,238,3,33.6,60.53,,1.5/0.1,,,,,South Sudan,"['Central African Republic', 'Democratic Republic of the Congo', 'Ethiopia', 'Kenya', 'Sudan', 'Uganda']",['English'],SSP,,+03:00,211
Spain,Southern Europe,46755,93.7,Madrid,6559.0,14-Dec-55,505944,96.6,Euro (EUR),0.9,1419735,2.4,30405.8,3.1,22.1,73.9,4,20.2,75.8,13,51.6/63.0,111,104,337215,375485,- 38 270,27724,~0.0,80.6,0.1,1.3,86.0/80.6,14.4/26.3,6104.2/13.1,149.1,2.3,8.9,3.9,4.2,103.6/101.9,126.9/125.2,97.0/81.1,0.6,44,86.1,752,36.9,1368,113,57.6,,1.2,253.4/5.4,82773,96.6/96.7,,0.19,Spain,"['Andorra', 'France', 'Portugal', 'Morocco', 'United Kingdom']",['Spanish'],EUR,.es,"['+01:00', '±00:00']",34
Sri Lanka,Southern Asia,21413,341.5,Colombo,606.2,14-Dec-55,65610,92.1,Sri Lanka Rupee (LKR),181.6,88942,3.2,4189.7,8.6,29.4,64.6,23.7,30.4,45.9,4.2,35.3/74.3,130,128,12589,17992,- 5 403,- 2 814,0.5,18.6,0.5,2.2,80.0/73.3,23.7/16.4,40.0/0.2,37.6,7.6,3.8,1,2.8,99.6/100.7,102.6/98.0,23.4/15.8,2.4,5.3,34.1,641,33,167,22,43.7,-0.3,0.1,23.1/1.1,2334,,90.8/...,,Sri Lanka,['India'],"['Sinhala', 'Tamil']",LKR,.lk,+05:30,94
Palestine,Western Asia,5101,847.4,East Jerusalem,275.1,,6020,102.9,,,16277,1.2,3347.0,8.5,22.3,72.9,5.9,31.7,62.4,26.1,17.9/69.8,113,87,1124,6608,- 5 484,- 1 659,2.4,76.4,3.1,3.7,75.5/72.2,38.4/4.9,253.7/5.1,~0.0,17.5,,,5.3,98.7/98.5,93.9/85.2,54.3/34.5,0.5,,64.4,39,1.5,10,16,24.4,13.18,0.5,,606,64.7/...,,,Palestine,"['Egypt', 'Israel', 'Jordan']",['Arabic'],,.ps,+02:00,970
Sudan,Northern Africa,43849,24.8,Khartoum,5677.9,12-Nov-56,,99.8,Sudanese Pound (SDG),47.5,50515,-2.3,1208.4,24.8,14,23.9,39.7,15.9,44.4,16.6,29.1/68.1,350,,4127,12286,- 8 159,- 4 679,2.4,34.9,2.8,4.4,66.8/63.1,39.8/5.7,1223.1/2.9,2974.1,42.9,6.3,0.3,2.2,74.4/79.2,47.0/46.3,17.1/16.8,5.1,27.7,30.9,158,,412,13,17.8,2.55,0.3,18.8/0.5,836,,,,Sudan,"['Central African Republic', 'Chad', 'Egypt', 'Eritrea', 'Ethiopia', 'Libya', 'South Sudan']","['Arabic', 'English']",SDG,.sd,+02:00,249
Suriname,South America,587,3.8,Paramaribo,239.5,04-Dec-75,163820,101,Surinam Dollar (SRD),7.5,3458,2.6,6003.7,12.3,34.5,51.8,7.4,23.5,69.1,7.5,38.8/63.4,295,146,1461,1711,-250,-411,1,66.1,0.9,2.4,74.8/68.3,26.7/10.8,46.2/7.9,0.4,17.5,6.2,1.2,,108.7/109.0,88.6/67.1,,5.4,31.4,48.9,88,98.3,39,71,51.2,0.48,,1.9/3.4,278,,,,Suriname,"['Brazil', 'France', 'Guyana']",['Dutch'],SRD,.sr,−03:00,597
Sweden,Northern Europe,10099,24.6,Stockholm,1608.0,19-Nov-46,438574,100.4,Swedish Krona (SEK),9.3,556086,2.2,55766.8,1.6,25.5,72.5,1.6,17.7,80.7,6.7,61.4/67.7,111,100,160538,158710,1828,20783,0.7,87.7,1.1,1.8,84.4/80.8,17.6/25.9,2005.2/20.0,310.4,2,11,4,7.7,127.4/125.8,157.9/148.1,82.1/52.7,1.1,47,92.1,98,68.9,1491,205,59,,3.3,37.6/3.7,7440,94.2/87.8,,1.02,Sweden,"['Finland', 'Norway']",['Swedish'],SEK,.se,+01:00,46
Switzerland,Western Europe,8655,219,Bern,426,10-Sep-02,41291,98.5,Swiss Franc (CHF),1,705141,2.8,82708.5,0.7,25.8,80.9,2.9,20,77.2,4.8,62.8/73.5,100,101,313630,276292,37338,86167,0.8,73.8,1.2,1.5,85.4/81.6,15.0/25.3,2572.0/29.9,120.1,3.4,12.3,4.3,5.1,104.8/105.5,100.2/104.7,60.3/58.8,0.6,41.5,89.7,128,31.7,460,116,35.5,,3.4,37.1/4.4,10362,99.9/98.5,,0.47,Switzerland,"['Austria', 'France', 'Italy', 'Liechtenstein', 'Germany']","['French', 'German', 'Italian', 'Romansh']",CHF,.ch,+01:00,41
Syria,Western Asia,17501,95.3,Damascus,2353.6,24-Oct-45,185180,100.2,Syrian Pound (SYP),700,16628,2.4,981.3,20.6,30.1,45.6,10.5,26.5,63,8.4,14.3/74.0,663,79,534,980,-447,-367,-0.6,54.8,-3.6,2.8,77.7/65.9,30.8/7.5,867.8/5.1,6386.7,15.5,3.6,1.3,5.1,80.2/83.1,52.4/52.7,42.8/37.5,0.9,12.4,34.3,147,2.7,172,20,0,0.21,,23.0/1.3,5070,,,,Syria,"['Iraq', 'Israel', 'Jordan', 'Lebanon', 'Turkey']",['Arabic'],SYP,.sy,+02:00,963
Tajikistan,Central Asia,9538,68.1,Dushanbe,893.8,02-Mar-92,142600,101.6,Somoni (TJS),9.7,7523,7.1,826.6,20.9,30.1,50.8,44.2,16,39.9,11,31.3/52.9,179,159,2065,2773,-708,-185,2.4,27.3,2.4,3.6,73.0/68.6,37.3/5.8,274.1/2.9,11.3,29.3,7.2,2.1,5.2,100.3/101.4,83.8/93.0,26.9/35.5,1.6,19,22,48,3,157,21,16.8,4.52,0.1,5.8/0.7,1035,,,,Tajikistan,"['Afghanistan', ""People's Republic of China"", 'Kyrgyzstan', 'Uzbekistan']",['Tajik'],TJS,.tj,+05:00,992
Thailand,South-eastern Asia,69800,136.6,Bangkok,10350.2,16-Dec-46,513120,94.8,Baht (THB),30.2,504992,4.1,7273.6,8.3,35.6,38.9,31.2,22.5,46.3,0.8,58.9/75.8,113,118,233674,216805,16870,37911,0.3,50.7,2.1,1.5,80.6/73.1,16.6/19.2,3635.1/5.2,576.9,7.8,3.7,0.8,4.1,99.8/99.8,116.5/118.9,57.8/41.0,2.6,16.2,56.8,674,32.1,3150,84,70.7,-0.09,1,244.3/3.5,38178,,,0.03,Thailand,"['Cambodia', 'Laos', 'Malaysia', 'Myanmar']",['Thai'],THB,.th,+07:00,66
Timorleste,South-eastern Asia,1318,88.7,Dili,281.1,27-Sep-02,14919,102.2,US Dollar (USD),1,2581,2.8,2035.5,10,49.6,47.9,43.7,9.8,46.4,4.6,61.9/72.7,145,111,154,536,-382,134,1.9,30.9,3.5,4.1,71.3/67.2,36.8/6.6,8.4/0.7,~0.0,37.3,3.9,0.7,3.8,113.2/117.3,87.0/80.3,14.8/20.6,4.1,38.5,27.5,41.0,46.1,54.0,6.0,39.5,8.78,,,75.0,,,,Timorleste,['Indonesia'],"['Portuguese', 'Tetum']",USD,.tl,+09:00,670
Togo,Western Africa,8279,152.2,LomÈ,1785.3,20-Sep-60,56785,99,"CFA Franc, BCEAO (XOF)",583.9,5165,4.9,654.8,27.7,18.4,61.1,37.2,12.9,49.9,2,76.1/78.9,113,142,917,1844,-927,-185,2.5,42.2,4,4.4,61.4/59.7,40.6/4.7,279.1/3.5,13,49.7,6.2,0.1,5,121.5/126.0,52.1/71.6,9.8/19.2,,18.7,12.4,94,3.5,120,20,75,5.61,0.3,2.1/0.3,573,,,,Togo,"['Benin', 'Burkina Faso', 'Ghana']",['French'],XOF,.tg,±00:00,228
Tokelau,Polynesia,1,135.7,Tokelau,,,12,100,New Zealand Dollar (NZD),1.5,,,,,,,,,,,,,115,~0,1,-1,,1.6,0,0,2.1,,28.3/12.2,0.5/37.6,,,,,,125.0/150.8,77.8/85.5,,,,,54,0,,,0,,,,,,,,Tokelau,,,NZD,.tk,+13:00,690
Tonga,Polynesia,106,146.8,Nuku'alofa,22.9,14-Sep-99,747,100.2,Pa'anga (TOP),2.3,504,-0.4,4885.8,22,21,57.8,23.7,29.2,47.1,1.2,45.8/74.3,113,137,15,311,-296,-8,1,23.1,0.3,3.6,72.7/68.8,34.8/8.7,3.8/3.6,~0.0,12.5,5.3,0.5,,116.0/116.7,102.4/99.4,,1,7.4,41.2,90.0,12.5,0.0,20.0,26.1,19.15,,,54.0,,,,Tonga,[],['English'],TOP,.to,+13:00,676
Trinidad and Tobago,Caribbean,1400,272.8,Port of Spain,544.3,18-Sep-62,5127,97.5,TT Dollar (TTD),6.8,23808,-0.2,17130.3,1.1,42.8,54,2.9,26.6,70.5,2.8,49.8/69.6,142,96,12336,1951,10385,1386,0.4,53.2,0.2,1.7,76.0/70.7,20.1/16.9,59.2/4.2,43,22,7,4.2,,104.4/108.0,,,30.6,31,77.3,126,45.7,1367,514,32,0.02,0.1,18.0/13.2,375,,,,Trinidad and Tobago,[],['English'],TTD,.tt,−04:00,1 868
Tunisia,Northern Africa,11819,76.1,Tunis,2327.8,12-Nov-56,163610,98.4,Tunisian Dinar (TND),2.8,39895,2.5,3449.6,10.4,25.7,66.4,12.7,32.5,54.8,16.2,23.6/69.2,138,117,15489,22453,- 6 964,- 4 429,1.1,69.3,1.6,2.2,78.5/74.4,24.3/13.4,57.5/0.5,2,12.7,7.2,1.3,6.6,114.9/115.9,99.3/86.9,41.2/22.8,3.1,24.9,64.2,107,6.7,230,41,40.1,2.1,0.6,26.2/2.3,8299,88.3/...,,,Tunisia,"['Algeria', 'Libya']",['Arabic'],TND,.tn,+01:00,216
Turkey,Western Asia,84339,109.6,Ankara,5018.0,24-Oct-45,783562,97.5,Turkish Lira (TRY),5.9,771355,2.8,9367.9,6.5,32.9,41,18,26.1,55.9,12.9,33.9/72.4,233,129,180839,210343,- 29 505,8691,1.4,75.6,2.4,2.1,80.2/74.3,23.9/13.1,5876.8/7.0,3940.1,8.9,4.2,1.8,2.8,92.7/93.6,103.4/108.5,,2.6,17.3,71,435,15.2,1527,76,2.3,0.16,1,378.6/4.7,45768,69.6/...,,0.95,Turkey,"['Armenia', 'Azerbaijan', 'Bulgaria', 'Georgia', 'Greece', 'Iran', 'Iraq', 'Syria']",['Turkish'],TRY,.tr,+03:00,90
Turkmenistan,Central Asia,6031,12.8,Ashgabat,828.1,02-Mar-92,488100,97,Turkmen. Manat (TMT),3.5,40749,6.2,6964.6,9.1,59.8,73.5,19.5,42.6,37.9,4.1,51.2/78.2,,102,3962,2764,1198,,1.6,52,2.5,2.8,71.5/64.5,30.8/8.1,195.1/3.3,5.2,43.3,6.9,2.2,3,87.5/89.2,84.0/87.6,6.2/9.7,4.2,25,21.3,59,8.8,3223,201,14,0.05,,69.0/12.0,8,,96.9/90.7,,Turkmenistan,"['Afghanistan', 'Iran', 'Kazakhstan', 'Uzbekistan']",['Turkmen'],TMT,.tm,+05:00,993
Turks and Caicos Islands,Caribbean,37,38.9,Cockburn Town,0.1,,948,104.1,US Dollar (USD),,1022,5.3,27142.2,0.6,11.4,52,1.2,23.1,74,8.3,,,,5,488,-482,173,1.5,93.4,2.5,,77.8/75.8,19.2/7.6,24.5/64.2,~0.0,,,,2.8,,,,5.7,,,65.0,36.2,0.0,91.0,27.9,,,,441.0,,,,Turks and Caicos Islands,,,USD,.tc,−04:00,1 649
Tuvalu,Polynesia,12,383.3,Funafuti,7,05-Sep-00,26,102,Australian Dollar (AUD),1.4,46,7,4000.6,21.9,12.5,69.9,,,,6.5,47.9/69.6,,111,~0,12,-12,7,0.9,63.2,2.6,3.6,71.9/67.4,31.1/9.9,0.2/2.0,,10.3,17.1,,,82.5/89.4,71.2/62.5,,18.6,6.2,49.3,99,33.3,0,13,,31.55,,,3,4.2/9.7,49.8/...,,Tuvalu,[],['English'],AUD,.tv,+12:00,688
Uganda,Eastern Africa,45741,228.9,Kampala,3137.7,25-Oct-62,241550,97.2,Uganda Shilling (UGX),3665.2,30098,8.9,704.4,23.6,22.9,58.1,72.4,6.6,20.9,1.9,67.1/73.9,177,92,3597,7686,- 4 089,- 2 333,3.6,24.4,6,5,65.0/60.4,46.0/3.2,1734.2/3.9,2445.8,46.1,6.3,0.2,2.6,104.1/101.3,21.8/27.5,4.1/5.6,10.5,34.9,23.7,266,10.4,625,16,70.6,7.3,0.2,,1402,,15.7/4.5,,Uganda,"['Democratic Republic of the Congo', 'Kenya', 'Rwanda', 'South Sudan', 'Tanzania']","['English', 'Swahili']",UGX,.ug,+03:00,256
Ukraine,Eastern Europe,43734,75.5,Kyiv,2973.3,24-Oct-45,603500,86.3,Hryvnia (UAH),23.7,130832,3.3,2956.9,12,27.5,53.9,14.1,24.8,61.1,8.9,46.5/62.8,282,153,50060,60783,- 10 723,- 1 322,-0.5,69.5,-0.4,1.4,76.6/66.8,16.0/23.6,4964.3/11.3,1540.4,7.2,7,3,5.4,100.1/98.0,95.0/96.9,88.8/76.8,6.2,20.8,62.6,132,16.7,2431,85,21.7,0.96,0.5,171.3/3.8,14104,65.8/...,,,Ukraine,"['Belarus', 'Hungary', 'Moldova', 'Poland', 'Romania', 'Russia', 'Slovakia']",['Ukrainian'],UAH,.ua,+02:00,380
United Arab Emirates,Western Asia,9890,118.3,Abu Dhabi,1452.1,09-Dec-71,83600,223.8,UAE Dirham (AED),3.7,414179,1.7,43005.0,0.7,46.8,55.2,1.4,34.2,64.4,2.4,52.5/93.6,115,101,412260,244712,167549,,1.3,86.8,2.4,1.4,79.1/77.1,14.8/3.1,8587.3/87.9,8.7,5.5,3.3,2.5,,107.3/109.4,100.4/109.3,,0.5,50,98.4,69,4.5,9692,324,,,1.3,196.5/20.9,21286,,,1.03,United Arab Emirates,"['Oman', 'Saudi Arabia']",['Arabic'],AED,.ae,+04:00,971
United Kingdom,Northern Europe,67886,280.6,London,9176.5,24-Oct-45,242495,97.7,Pound Sterling (GBP),0.8,2855297,1.4,42526.4,0.7,19.6,79.9,1,17.7,81.3,4.1,57.7/68.0,121,103,468160,692580,- 224 421,- 106 886,0.6,83.7,1,1.8,82.9/79.4,17.7/24.4,9552.1/14.1,176.7,3.8,9.6,2.8,5.5,101.0/101.3,127.7/124.1,69.4/51.0,1.2,33.8,94.9,176,13,5023,111,82.8,,1.7,358.7/5.4,36316,99.0/91.8,,0.7,United Kingdom,"['Cyprus', 'Ireland', 'Spain']",['English'],GBP,.uk,±00:00,44
Tanzania,Eastern Africa,59734,67.4,Dodoma,261.6,14-Dec-61,947303,99.9,Tanzanian Shilling (TZS),2287.9,57145,7,1044.1,30.7,,44.1,64.9,6.8,28.3,2,79.4/87.2,187,165,4414,9434,- 5 020,- 1 890,3,34.5,5.5,4.9,66.6/63.0,43.6/4.2,509.2/0.9,320.3,41.2,3.6,~0.0,3.4,95.4/93.0,30.1/28.8,2.8/5.2,6.5,36.9,25,1259,52,755,15,62.9,4.37,0.5,10.1/0.2,1378,31.4/22.4,35.0/...,,Tanzania,"['Burundi', 'Democratic Republic of the Congo', 'Kenya', 'Malawi', 'Mozambique', 'Rwanda', 'Uganda', 'Zambia']",['English'],TZS,.tz,+03:00,255
United States of America,Northern America,331003,36.2,"Washington, D.C.",5264.5,24-Oct-45,9833517,97.9,US Dollar (USD),,20580223,2.9,62917.9,0.8,18.9,76.5,1.3,19.7,79,3.9,55.9/67.9,117,117,1644280,2567490,- 923 216,- 498 350,0.6,82.5,0.9,1.8,81.3/76.3,18.4/22.9,50661.1/15.4,1043.2,5.8,17.1,2.6,5,101.4/102.2,98.7/99.2,102.0/75.0,5,23.4,87.3,1655,33.9,83352,278,51.2,,2.8,4761.3/14.6,79746,95.5/...,99.7/...,0.18,United States of America,"['Canada', 'Mexico']",['English'],USD,,"['-08:00', '-09:00', '-06:00', '-10:00', '-05:00', '-07:00']",
United States Virgin Islands,Caribbean,104,298.4,Charlotte Amalie,52.3,,347,90.5,US Dollar (USD),,,,,,,,3.2,19.6,77.2,8.8,58.1/62.4,,107,,,,,-0.1,95.8,-0.1,2,82.9/77.7,19.3/27.6,56.7/54.3,,8.2,,,,,,,49.3,,64.4,74,50.3,0,1,39.9,,~0.0,,381,,,,United States Virgin Islands,,,USD,,,
Uruguay,South America,3474,19.8,Montevideo,1744.7,18-Dec-45,173626,93.5,Peso Uruguayo (UYU),37.3,59597,1.6,17278.1,6.2,26.9,45.9,7.9,18.7,73.4,8.8,55.7/73.4,203,118,7886,8226,-340,419,0.4,95.4,0.5,2,81.3/73.9,20.3/20.2,81.5/2.4,21.5,8.7,9.3,5.1,4.9,107.6/109.3,126.6/114.1,58.0/34.5,12.1,21.2,74.8,116,10.5,136,63,20.8,0.08,0.5,5.9/1.7,3469,,94.6/...,,Uruguay,"['Argentina', 'Brazil']",['Spanish'],UYU,.uy,−03:00,598
Uzbekistan,Central Asia,33469,78.7,Tashkent,2490.3,02-Mar-92,448969,99.6,Uzbekistan Sum (UZS),9502.0,50500,5.1,1555.0,31.7,31.3,55.2,23.3,29.9,46.8,6.1,52.3/78.1,153,167,14930,21867,- 6 938,- 3 246,1.6,50.4,1.5,2.4,73.6/69.4,28.8/8.3,1168.4/3.5,95.9,20.8,6.4,2.4,6.3,103.4/105.0,92.7/93.9,8.2/11.8,1.1,32,55.2,62,7.6,2205,59,10.1,1.07,0.1,81.2/2.5,5346,,86.1/31.1,,Uzbekistan,"['Afghanistan', 'Kazakhstan', 'Kyrgyzstan', 'Tajikistan', 'Turkmenistan']",['Uzbek'],UZS,.uz,+05:00,998
Vanuatu,Melanesia,307,25.2,Port Vila,52.7,15-Sep-81,12189,102.8,Vatu (VUV),114.3,889,3.2,3037.2,22.8,11.2,63,55.3,6.3,38.4,4.4,60.9/78.7,117,124,51,289,-238,85,2.5,25.4,2.7,3.8,71.9/68.8,38.4/5.8,3.2/1.1,~0.0,22.4,3.3,0.2,4.7,107.8/110.7,54.9/53.5,,,0,25.7,144.0,36.1,1.0,11.0,2.8,14.9,,,116.0,,,,Vanuatu,[],"['English', 'French']",VUV,.vu,+11:00,678
Venezuela,South America,28436,32.2,Caracas,2935.5,15-Nov-45,912050,96.8,BolÌvar (VEF),10,208338,-18,7212.2,5.9,35.4,48.4,8.4,16.1,75.5,9.4,45.2/74.3,1932,109,3783,1051,2732,- 3 870,-1.1,88.2,1.4,2.3,76.1/68.4,27.3/12.1,1375.7/4.8,452.6,25.7,1.2,,6.9,96.0/98.3,91.6/84.7,100.3/59.3,36.7,22.2,72,379,52.9,6055,65,52.5,0.01,0.3,113.7/3.6,427,,,,Venezuela,"['Brazil', 'Colombia', 'Guyana']","['Spanish', 'Venezuelan Sign Language']",VEF,.ve,−04:00,58
Vietnam,South-eastern Asia,97339,313.9,Hanoi,4479.6,20-Sep-77,330967,99.7,Dong (VND),23155.0,244901,7.1,2563.2,16.2,38.1,61.6,36.2,28.4,35.4,2,72.6/82.2,164,138,264610,253442,11168,5899,1,36.6,3.2,2.1,79.4/71.2,23.2/12.3,76.1/0.1,34.1,16.7,5.5,0.8,4.3,111.9/109.5,,31.7/25.5,1.5,26.7,70.3,738,47.6,2812,31,39.2,0.71,0.5,191.2/2.0,15498,,,,Vietnam,"['Cambodia', ""People's Republic of China"", 'Laos']",['Vietnamese'],VND,.vn,+07:00,84
Wallis and Futuna Islands,Polynesia,12,82.5,Matu-Utu,1,,142,93.4,CFP Franc (XPF),106.2,,,,,,,,,,,,,112,1,65,-63,,-0.9,0,0,2.1,78.7/72.8,25.5/15.4,1.0/8.9,,5.2,,,,,,,,,9.0,92,41.6,0,30,,,,,,,,,Wallis and Futuna Islands,,,XPF,,,
Western Sahara,Northern Africa,597,2.2,El Aai?n,232.4,,266000,109.5,Moroccan Dirham (MAD),9.6,,,,,,,19.8,25.7,54.5,9.4,26.0/79.3,,107,,,,,2.5,86.8,1.9,2.4,71.9/68.2,27.2/6.3,5.4/0.9,,28.8,,,,,,,,,,58.0,2.7,,,,,,,,,,,Western Sahara,,"['Tamazight', 'Arabic', 'Spanish']",MAD,,,
Yemen,Western Asia,29826,56.5,Sana'a,2874.4,30-Sep-47,527968,101.5,Yemeni Rial (YER),,26672,-1.3,935.9,19.3,20.6,24.3,28.6,10,61.4,12.8,5.7/70.2,158,141,24,4716,- 4 692,- 2 419,2.4,37.3,4.4,3.8,67.7/64.4,38.8/4.6,385.6/1.3,3922.9,43.2,4.2,0.5,5.2,87.1/99.9,43.3/59.6,6.2/14.0,6.8,0.3,26.7,313,1,77,5,19.4,29.67,,8.9/0.3,367,67.0/...,,,Yemen,"['Oman', 'Saudi Arabia']",['Arabic'],YER,.ye,+03:00,967
Zambia,Eastern Africa,18384,24.7,Lusaka,2646.6,01-Dec-64,752612,98.1,Zambian Kwacha (ZMW),14.1,27283,4.1,1572.3,3,35.5,56.3,48.5,10.8,40.7,11.4,70.4/79.0,212,183,7029,7221,-192,242,2.9,44.1,4.3,4.7,66.2/60.3,44.0/3.4,170.2/1.0,81.8,45.6,4.5,1.2,1.1,99.9/97.5,,3.5/4.8,5.4,16.8,14.3,107,65.4,448,29,45.5,3.84,0.3,6.0/0.4,1072,,46.2/...,,Zambia,"['Angola', 'Botswana', 'Democratic Republic of the Congo', 'Malawi', 'Mozambique', 'Namibia', 'Tanzania', 'Zimbabwe']",['English'],ZMW,.zm,+02:00,260
Zimbabwe,Eastern Africa,14863,38.4,Harare,1521.3,25-Aug-80,390757,91.3,Zimbabwe Dollar (ZWL),16.8,24312,4.8,1683.8,9.2,22.9,33.9,66.3,6.5,27.2,5,78.2/89.0,106,100,4279,4787,-508,-308,1.5,32.2,1.8,3.6,62.2/59.2,41.9/4.6,411.3/2.8,20.8,38.7,6.6,0.2,6.1,108.7/111.1,51.3/53.5,9.2/10.9,7.5,31.8,27.1,122,36.4,427,33,81.2,2.57,,9.7/0.6,2580,16.3/...,,,Zimbabwe,"['Botswana', 'Mozambique', 'South Africa', 'Zambia']","['Chewa', 'Chibarwe', 'English', 'Kalanga', 'Khoisan', 'Nambya', 'Ndau', 'Ndebele', 'Shangani', 'Shona', 'Sign language', 'Sotho', 'Tonga', 'Tswana', 'Venda', 'Xhosa']",ZWL,.zw,+02:00,263
Abkhazia,,,,,,,,,,,,,,,,,,,,,,,,,,,,,,,,,,,,,,,,,,,,,,,,,,,,,,,,,,Abkhazia,,"['Abkhaz', 'Russian']",,,,
Artsakh,,,,,,,,,,,,,,,,,,,,,,,,,,,,,,,,,,,,,,,,,,,,,,,,,,,,,,,,,,Artsakh,,['Armenian'],,,,
Kosovo,,,,,,,,,,,,,,,,,,,,,,,,,,,,,,,,,,,,,,,,,,,,,,,,,,,,,,,,,,Kosovo,,"['Albanian', 'Serbian']",,,+01:00,
Northern Cyprus,,,,,,,,,,,,,,,,,,,,,,,,,,,,,,,,,,,,,,,,,,,,,,,,,,,,,,,,,,Northern Cyprus,,['Turkish'],,,,
Somaliland,,,,,,,,,,,,,,,,,,,,,,,,,,,,,,,,,,,,,,,,,,,,,,,,,,,,,,,,,,Somaliland,,"['Arabic', 'English', 'Somali']",,,,
South Ossetia,,,,,,,,,,,,,,,,,,,,,,,,,,,,,,,,,,,,,,,,,,,,,,,,,,,,,,,,,,South Ossetia,,"['Ossetian', 'Russian']",,,,
Taiwan,,,,,,,,,,,,,,,,,,,,,,,,,,,,,,,,,,,,,,,,,,,,,,,,,,,,,,,,,,Taiwan,,['Mandarin'],,.tw,+08:00,886
Transnistria,,,,,,,,,,,,,,,,,,,,,,,,,,,,,,,,,,,,,,,,,,,,,,,,,,,,,,,,,,Transnistria,,"['Moldovan', 'Russian', 'Ukrainian']",,,,
